,incident_id,case_number,incident_datetime,incident_type_primary,incident_description,clearance_type,address_1,address_2,city,state,zip,country,latitude,longitude,created_at,updated_at,location,hour_of_day,day_of_week,parent_incident_type,Council Districts,Police Districts,Zip Codes,Tracts,Block Groups,Blocks
0,707535288,15-0650868,03/06/2015 07:35:15 AM,ASSAULT,ASSAULT,,HOPKINS @ GOOD,,BUFFALO,NY,,,42.84688728851071,-78.8181863330388,03/07/2015 07:06:26 AM,03/12/2015 06:05:55 AM,POINT (-78.818186333039 42.846887288511),7,Friday,Assault,6.0,4.0,9.0,71.0,211.0,126.0
1,901476393,19-0160417,01/04/2019 12:00:00 PM,LARCENY/THEFT,Buffalo Police are investigating this report of a crime.  It is important to note that this is very preliminary information and further investigation as to the facts and circumstances of this report may be necessary.,,400 Block GOLD ST,,BUFFALO,NY,,,42.896303288316325,-78.80519990642684,01/16/2019 10:01:41 PM,01/24/2019 04:16:23 AM,POINT (-78.80519990642684 42.89630328831633),12,Friday,Theft,2.0,3.0,17.0,28.0,24.0,314.0
2,902552636,19-0220443,01/04/2019 12:00:00 PM,LARCENY/THEFT,Buffalo Police are investigating this report of a crime.  It is important to note that this is very preliminary information and further investigation as to the facts and circumstances of this report may be necessary.,,1000 Block GENESEE ST,,BUFFALO,NY,,,42.90148918458152,-78.8442581986752,01/23/2019 02:54:22 PM,01/30/2019 05:00:46 AM,POINT (-78.8442581986752 42.901489184581514),12,Friday,Theft,5.0,3.0,4.0,26.0,8.0,3027.0
3,902969362,19-0250243,01/25/2015 12:00:00 PM,SEXUAL ABUSE,Buffalo Police are investigating this report of a crime.  It is important to note that this is very preliminary information and further investigation as to the facts and circumstances of this report may be necessary.,,100 Block CULVER RD,,BUFFALO,NY,,,42.83980951202153,-78.81745109743174,01/25/2019 05:52:26 PM,02/02/2019 04:56:40 AM,POINT (-78.81745109743173 42.83980951202153),12,Sunday,Other Sexual Offense,6.0,4.0,9.0,74.0,83.0,535.0
4,902969363,19-0250244,01/25/2015 12:00:00 PM,SEXUAL ABUSE,Buffalo Police are investigating this report of a crime.  It is important to note that this is very preliminary information and further investigation as to the facts and circumstances of this report may be necessary.,,1 Block VANDERBILT ST,,BUFFALO,NY,,,42.892186187988436,-78.805856858726,01/25/2019 05:52:26 PM,02/02/2019 04:56:40 AM,POINT (-78.805856858726 42.89218618798844),12,Sunday,Other Sexual Offense,2.0,3.0,17.0,28.0,142.0,1305.0
5,902969364,19-0250245,01/25/2018 12:00:00 PM,SEXUAL ABUSE,Buffalo Police are investigating this report of a crime.  It is important to note that this is very preliminary information and further investigation as to the facts and circumstances of this report may be necessary.,,200 Block HEMPSTEAD AV,,BUFFALO,NY,,,42.930492231503294,-78.80506119711333,01/25/2019 05:52:26 PM,02/02/2019 04:56:40 AM,POINT (-78.80506119711333 42.9304922315033),12,Thursday,Other Sexual Offense,8.0,2.0,11.0,63.0,126.0,1522.0
6,902972631,19-0250450,01/25/2018 12:00:00 PM,SEXUAL ABUSE,Buffalo Police are investigating this report of a crime.  It is important to note that this is very preliminary information and further investigation as to the facts and circumstances of this report may be necessary.,,300 Block 14TH ST,,BUFFALO,NY,,,42.91089527708419,-78.89065988537041,01/25/2019 06:10:03 PM,02/02/2019 04:56:43 AM,POINT (-78.8906598853704 42.91089527708419),12,Thursday,Other Sexual Offense,3.0,1.0,2.0,41.0,96.0,3296.0
7,901019637,19-0120374,01/09/2019 12:00:00 PM,SEXUAL ABUSE,Buffalo Police are investigating this report of a crime.  It is important to note that this is very preliminary information and further investigation as to the facts and circumstances of this report may be necessary.,,1 Block WAKEFIELD AV,,BUFFALO,NY,,,42.9342428518739,-78.83565825907772,01/14/2019 07:17:07 PM,01/20/2019 04:48:26 AM,POINT (-78.83565825907772 42.9342428518739),12,Wednesday,Other Sexual Offense,9.0,2.0,18.0,19.0,13.0,1373.0
8,854542298,18-1380353,03/01/2018 12:00:00 PM,LARCENY/THEFT,Buffalo Police are investigating this report of a crime.  It is important to note that this is very preliminary information and further investigation as to the facts and circumstances of this report may be necessary.,,300 Block WALDEN AV,,BUFFALO,NY,,,42.90326103136154,-78.82455864379337,05/18/2018 03:47:59 PM,05/26/2018 02:59:07 AM,POINT (-78.82455864379337 42.90326103136154),12,Thursday,Theft,5.0,3.0,4.0,66.0,242.0,2301.0
9,894581032,18-3510529,11/20/2018 12:00:00 PM,LARCENY/THEFT,Buffalo Police are investigating this report of a crime.  It is important to note that this is very preliminary information and further investigation as to the facts and circumstances of this report may be necessary.,,200 Block HUDSON ST,,BUFFALO,NY,,,42.89289047689623,-78.87146383534977,12/18/2018 05:25:25 AM,12/24/2018 09:29:22 PM,POINT (-78.87146383534977 42.89289047689623),12,Tuesday,Theft,4.0,1.0,14.0,77.0,31.0,914.0
10,864877458,18-2050391,06/25/2018 12:00:00 PM,LARCENY/THEFT,Buffalo Police are investigating this report of a crime.  It is important to note that this is very preliminary information and further investigation as to the facts and circumstances of this report may be necessary.,,1 Block MORRIS AV,,BUFFALO,NY,,,42.94077761335888,-78.83366822733664,07/25/2018 03:56:54 PM,07/31/2018 09:46:10 AM,POINT (-78.83366822733664 42.94077761335888),12,Monday,Theft,9.0,2.0,18.0,64.0,118.0,970.0
11,855839075,18-1490478,05/16/2018 11:34:00 AM,LARCENY/THEFT,Buffalo Police are investigating this report of a crime.  It is important to note that this is very preliminary information and further investigation as to the facts and circumstances of this report may be necessary.,,600 Block GOODYEAR AV,,BUFFALO,NY,,,42.91363702961639,-78.82258327795908,05/29/2018 05:59:22 PM,06/06/2018 03:19:44 AM,POINT (-78.8225832779591 42.91363702961639),11,Wednesday,Theft,5.0,3.0,4.0,18.0,81.0,1432.0
12,863581115,18-1930718,07/12/2018 05:46:05 AM,SEXUAL ABUSE,Buffalo Police are investigating this report of a crime.  It is important to note that this is very preliminary information and further investigation as to the facts and circumstances of this report may be necessary.,,600 Block WEST AV,,BUFFALO,NY,,,42.90869205055514,-78.89367244085649,07/13/2018 03:47:54 AM,07/20/2018 03:43:21 AM,POINT (-78.89367244085649 42.90869205055514),5,Thursday,Other Sexual Offense,3.0,1.0,2.0,41.0,265.0,269.0
13,839242924,18-0830493,03/16/2017 12:00:00 PM,LARCENY/THEFT,Buffalo Police are investigating this report of a crime.  It is important to note that this is very preliminary information and further investigation as to the facts and circumstances of this report may be necessary.,,2100 Block MAIN ST,,BUFFALO,NY,,,42.92880507442883,-78.84993702635,03/25/2018 08:25:50 PM,04/01/2018 03:50:32 AM,POINT (-78.84993702635 42.92880507442883),12,Thursday,Theft,9.0,2.0,18.0,38.0,258.0,1267.0
14,653555213,15-0050333,10/01/2014 12:00:00 PM,UUV,UUV,,MAIN ST & BAILEY AV,,BUFFALO,NY,14215,,42.9595218,-78.8138473,01/06/2015 07:06:00 AM,01/08/2015 07:06:02 AM,POINT (-78.8138473 42.9595218),12,Wednesday,Theft of Vehicle,,,6.0,,,
15,867772667,18-2320804,07/02/2018 12:00:00 PM,LARCENY/THEFT,Buffalo Police are investigating this report of a crime.  It is important to note that this is very preliminary information and further investigation as to the facts and circumstances of this report may be necessary.,,1 Block CLAREMONT AV,,BUFFALO,NY,,,42.92263884972631,-78.88033895345231,08/21/2018 01:53:06 AM,08/24/2018 11:13:15 AM,POINT (-78.88033895345232 42.92263884972631),12,Monday,Theft,7.0,5.0,12.0,76.0,95.0,637.0
16,866502969,18-2200781,08/08/2018 06:03:13 AM,BURGLARY,Buffalo Police are investigating this report of a crime.  It is important to note that this is very preliminary information and further investigation as to the facts and circumstances of this report may be necessary.,,1 Block WINSPEAR AV,,BUFFALO,NY,,,42.95021230047737,-78.82279959543284,08/09/2018 03:34:37 AM,08/15/2018 06:40:15 PM,POINT (-78.82279959543284 42.95021230047737),6,Wednesday,Breaking & Entering,8.0,2.0,18.0,56.0,257.0,1249.0
17,854061350,18-1330850,05/13/2018 09:15:00 AM,ASSAULT,Buffalo Police are investigating this report of a crime.  It is important to note that this is very preliminary information and further investigation as to the facts and circumstances of this report may be necessary.,,2600 Block DELAWARE AV,,BUFFALO,NY,,,42.95539024320731,-78.87366037059289,05/14/2018 02:27:01 AM,05/16/2018 03:28:19 AM,POINT (-78.87366037059289 42.95539024320731),9,Sunday,Assault,1.0,5.0,5.0,70.0,164.0,2994.0
18,908075281,19-0551512,02/24/2019 11:17:54 AM,LARCENY/THEFT,Buffalo Police are investigating this report of a crime.  It is important to note that this is very preliminary information and further investigation as to the facts and circumstances of this report may be necessary.,,WILLIAM ST & FILLMORE AV,,BUFFALO,NY,,,42.885009719366494,-78.83926343295911,02/25/2019 08:45:21 AM,03/04/2019 04:44:47 AM,POINT (-78.83926343295911 42.88500971936649),11,Sunday,Theft,5.0,3.0,17.0,34.0,251.0,2242.0
19,907983132,19-0550284,02/24/2019 12:00:00 PM,LARCENY/THEFT,Buffalo Police are investigating this report of a crime.  It is important to note that this is very preliminary information and further investigation as to the facts and circumstances of this report may be necessary.,,100 Block WILLIAM ST,,BUFFALO,NY,,,42.88524482642945,-78.86754769447938,02/24/2019 05:22:38 PM,03/04/2019 04:44:45 AM,POINT (-78.86754769447937 42.88524482642945),12,Sunday,Theft,4.0,1.0,16.0,20.0,70.0,3085.0
20,854204317,18-1350049,05/15/2018 01:35:13 AM,BURGLARY,Buffalo Police are investigating this report of a crime.  It is important to note that this is very preliminary information and further investigation as to the facts and circumstances of this report may be necessary.,,1 Block FULTON ST,,BUFFALO,NY,,,42.87373892763738,-78.87115088985551,05/15/2018 06:56:54 AM,05/16/2018 03:28:20 AM,POINT (-78.87115088985551 42.87373892763738),1,Tuesday,Breaking & Entering,5.0,4.0,16.0,31.0,38.0,59.0
21,889294330,18-3150650,11/11/2018 06:24:02 AM,ASSAULT,Buffalo Police are investigating this report of a crime.  It is important to note that this is very preliminary information and further investigation as to the facts and circumstances of this report may be necessary.,,1 Block WEAVER ST,,BUFFALO,NY,,,42.87419029928135,-78.80377764707609,11/12/2018 01:39:39 AM,11/12/2018 01:40:22 AM,POINT (-78.8037776470761 42.87419029928135),6,Sunday,Assault,2.0,4.0,17.0,53.0,9.0,1864.0
22,913614030,19-1010565,04/11/2019 05:30:53 AM,BURGLARY,Buffalo Police are investigating this report of a crime.  It is important to note that this is very preliminary information and further investigation as to the facts and circumstances of this report may be necessary.,,2800 Block BAILEY AV,,BUFFALO,NY,,,42.93182028474633,-78.81339303975497,04/12/2019 04:02:46 AM,04/19/2019 03:18:55 AM,POINT (-78.81339303975497 42.93182028474633),5,Thursday,Breaking & Entering,8.0,2.0,11.0,63.0,202.0,1948.0
23,913579202,19-1010328,04/11/2019 06:00:00 AM,LARCENY/THEFT,Buffalo Police are investigating this report of a crime.  It is important to note that this is very preliminary information and further investigation as to the facts and circumstances of this report may be necessary.,,1 Block SYMPHONY CR,,BUFFALO,NY,,,42.90194739065093,-78.88135930771277,04/11/2019 10:38:39 PM,04/19/2019 03:18:50 AM,POINT (-78.88135930771277 42.901947390650925),6,Thursday,Theft,4.0,1.0,15.0,13.0,141.0,2640.0
24,913579201,19-1010242,04/11/2019 10:00:00 AM,LARCENY/THEFT,Buffalo Police are investigating this report of a crime.  It is important to note that this is very preliminary information and further investigation as to the facts and circumstances of this report may be necessary.,,1 Block HAWLEY ST,,BUFFALO,NY,,,42.92916910550653,-78.89078805904161,04/11/2019 10:38:39 PM,04/19/2019 03:18:46 AM,POINT (-78.89078805904161 42.92916910550653),10,Thursday,Theft,1.0,5.0,2.0,27.0,239.0,2130.0
25,913714625,19-1020595,04/12/2019 04:14:00 AM,LARCENY/THEFT,Buffalo Police are investigating this report of a crime.  It is important to note that this is very preliminary information and further investigation as to the facts and circumstances of this report may be necessary.,,800 Block ELMWOOD AV,,BUFFALO,NY,,,42.91976543617661,-78.8773757766807,04/13/2019 03:24:20 AM,04/20/2019 03:51:27 AM,POINT (-78.8773757766807 42.919765436176604),4,Friday,Theft,7.0,5.0,12.0,49.0,191.0,272.0
26,922802127,19-1630789,04/23/2018 12:00:00 PM,LARCENY/THEFT,Buffalo Police are investigating this report of a crime.  It is important to note that this is very preliminary information and further investigation as to the facts and circumstances of this report may be necessary.,,500 Block E FERRY ST,,BUFFALO,NY,14208,,42.9144905,-78.84431339999998,06/13/2019 02:21:33 AM,06/17/2019 01:49:38 PM,POINT (-78.84431339999999 42.9144905),12,Monday,Theft,9.0,3.0,22.0,65.0,115.0,1161.0
27,922070076,19-1550463,06/03/2019 02:00:00 AM,LARCENY/THEFT,Buffalo Police are investigating this report of a crime.  It is important to note that this is very preliminary information and further investigation as to the facts and circumstances of this report may be necessary.,,1 Block EASTWOOD PL,,BUFFALO,NY,,,42.911589946657706,-78.87688896229213,06/05/2019 11:52:42 AM,06/12/2019 03:27:34 AM,POINT (-78.87688896229213 42.911589946657706),2,Monday,Theft,3.0,1.0,12.0,61.0,261.0,698.0
28,925705574,19-1960349,07/14/2019 08:00:00 AM,LARCENY/THEFT,Buffalo Police are investigating this report of a crime.  It is important to note that this is very preliminary information and further investigation as to the facts and circumstances of this report may be necessary.,,300 Block WALDEN AV,,BUFFALO,NY,,,42.903485080729546,-78.82239472229284,07/15/2019 08:36:36 PM,07/23/2019 03:50:00 AM,POINT (-78.82239472229284 42.90348508072955),8,Sunday,Theft,5.0,3.0,4.0,66.0,242.0,2496.0
29,939061327,19-2370103,08/25/2019 01:34:50 AM,BURGLARY,Buffalo Police are investigating this report of a crime.  It is important to note that this is very preliminary information and further investigation as to the facts and circumstances of this report may be necessary.,,100 Block HUGHES AV,,BUFFALO,NY,,,42.92457511119984,-78.85182296110469,08/25/2019 07:59:56 AM,09/02/2019 04:19:19 AM,POINT (-78.85182296110469 42.924575111199836),1,Sunday,Breaking & Entering,9.0,2.0,22.0,33.0,154.0,2095.0
30,939094462,19-2370534,08/25/2019 01:43:59 AM,BURGLARY,Buffalo Police are investigating this report of a crime.  It is important to note that this is very preliminary information and further investigation as to the facts and circumstances of this report may be necessary.,,400 Block WILLIAM ST,,BUFFALO,NY,14204,,42.88509570000001,-78.85436340000001,08/25/2019 09:52:11 PM,09/02/2019 04:19:23 AM,POINT (-78.8543634 42.8850957),1,Sunday,Breaking & Entering,4.0,1.0,16.0,20.0,93.0,1116.0
31,939105097,19-2370571,08/25/2019 02:18:44 AM,ASSAULT,Buffalo Police are investigating this report of a crime.  It is important to note that this is very preliminary information and further investigation as to the facts and circumstances of this report may be necessary.,,1 Block KENOVA PL,,BUFFALO,NY,14214,,42.92933729999999,-78.83859609999998,08/26/2019 02:15:04 AM,09/02/2019 04:19:23 AM,POINT (-78.83859609999999 42.9293373),2,Sunday,Assault,9.0,2.0,18.0,19.0,209.0,1261.0
32,914169834,19-1070695,04/17/2019 05:58:24 AM,BURGLARY,Buffalo Police are investigating this report of a crime.  It is important to note that this is very preliminary information and further investigation as to the facts and circumstances of this report may be necessary.,,400 Block SOUTH PKWY,,BUFFALO,NY,14226,,42.9497821,-78.7989187,04/18/2019 12:00:34 AM,04/19/2019 08:42:00 PM,POINT (-78.7989187 42.9497821),5,Wednesday,Breaking & Entering,,,6.0,,,
33,841581662,18-0930581,01/01/2016 12:00:00 PM,SEXUAL ABUSE,Buffalo Police are investigating this report of a crime.  It is important to note that this is very preliminary information and further investigation as to the facts and circumstances of this report may be necessary.,,1 Block 18TH ST,,BUFFALO,NY,,,42.91260819649175,-78.88626351029279,04/04/2018 12:41:00 AM,04/11/2018 01:22:46 AM,POINT (-78.88626351029279 42.91260819649175),12,Friday,Other Sexual Offense,3.0,1.0,2.0,40.0,210.0,2825.0
34,840240669,18-0870441,07/11/2016 12:00:00 PM,LARCENY/THEFT,Buffalo Police are investigating this report of a crime.  It is important to note that this is very preliminary information and further investigation as to the facts and circumstances of this report may be necessary.,,1 Block MYERS ST,,BUFFALO,NY,,,42.90262328038977,-78.84023204008601,03/28/2018 11:30:40 PM,04/05/2018 07:07:13 AM,POINT (-78.840232040086 42.90262328038977),12,Monday,Theft,5.0,3.0,4.0,26.0,139.0,176.0
35,877097793,18-2540367,09/10/2018 05:00:00 AM,LARCENY/THEFT,Buffalo Police are investigating this report of a crime.  It is important to note that this is very preliminary information and further investigation as to the facts and circumstances of this report may be necessary.,,100 Block PEARL ST,,BUFFALO,NY,14202,,42.8843102,-78.87632690000001,09/11/2018 05:15:07 PM,09/11/2018 05:15:08 PM,POINT (-78.8763269 42.8843102),5,Monday,Theft,4.0,1.0,3.0,77.0,31.0,2740.0
36,839233443,18-0840282,03/22/2018 07:00:00 AM,LARCENY/THEFT,Buffalo Police are investigating this report of a crime.  It is important to note that this is very preliminary information and further investigation as to the facts and circumstances of this report may be necessary.,,700 Block ST LAWRENCE AV,,BUFFALO,NY,,,42.95570967553002,-78.84351591036669,03/25/2018 04:20:23 PM,04/02/2018 04:43:25 AM,POINT (-78.84351591036669 42.955709675530024),7,Thursday,Theft,8.0,5.0,5.0,64.0,88.0,1259.0
37,903249691,19-0250951,01/25/2019 10:09:03 AM,ASSAULT,Buffalo Police are investigating this report of a crime.  It is important to note that this is very preliminary information and further investigation as to the facts and circumstances of this report may be necessary.,,VIRGINIA ST & KEEP ALLEY,,BUFFALO,NY,,,42.89668240634544,-78.88010239435762,01/26/2019 11:44:22 AM,01/27/2019 01:35:05 AM,POINT (-78.88010239435762 42.896682406345434),10,Friday,Assault,5.0,1.0,15.0,13.0,102.0,3276.0
38,903647523,19-0290498,01/09/2019 12:00:00 PM,LARCENY/THEFT,Buffalo Police are investigating this report of a crime.  It is important to note that this is very preliminary information and further investigation as to the facts and circumstances of this report may be necessary.,,100 Block GROVELAND ST,,BUFFALO,NY,,,42.953886064731776,-78.83693383752629,01/29/2019 07:57:09 PM,02/03/2019 01:41:33 AM,POINT (-78.83693383752629 42.95388606473178),12,Wednesday,Theft,8.0,5.0,18.0,64.0,240.0,2159.0
39,903281291,19-0260656,01/24/2019 12:00:00 PM,LARCENY/THEFT,Buffalo Police are investigating this report of a crime.  It is important to note that this is very preliminary information and further investigation as to the facts and circumstances of this report may be necessary.,,2500 Block DELAWARE AV,,BUFFALO,NY,,,42.95485192022236,-78.86951142735634,01/26/2019 11:48:13 PM,02/03/2019 01:41:24 AM,POINT (-78.86951142735634 42.95485192022236),12,Thursday,Theft,1.0,5.0,5.0,70.0,164.0,2994.0
40,909584203,19-0680478,01/01/1963 12:00:00 PM,SEXUAL ABUSE,Buffalo Police are investigating this report of a crime.  It is important to note that this is very preliminary information and further investigation as to the facts and circumstances of this report may be necessary.,,1 Block ST LAWRENCE AV,,BUFFALO,NY,14216,,42.9560286,-78.8508993,03/09/2019 08:26:47 PM,03/17/2019 05:19:03 AM,POINT (-78.8508993 42.9560286),12,Tuesday,Other Sexual Offense,7.0,5.0,5.0,46.0,62.0,1189.0
41,908127766,19-0560373,02/24/2019 11:00:00 AM,LARCENY/THEFT,Buffalo Police are investigating this report of a crime.  It is important to note that this is very preliminary information and further investigation as to the facts and circumstances of this report may be necessary.,,300 Block LEROY AV,,BUFFALO,NY,,,42.93235777196534,-78.8319164155268,02/25/2019 07:45:30 PM,03/05/2019 04:15:59 AM,POINT (-78.83191641552679 42.93235777196534),11,Sunday,Theft,9.0,2.0,18.0,19.0,151.0,1407.0
42,900895915,19-0130575,01/10/2019 11:00:00 AM,LARCENY/THEFT,Buffalo Police are investigating this report of a crime.  It is important to note that this is very preliminary information and further investigation as to the facts and circumstances of this report may be necessary.,,2700 Block BAILEY AV,,BUFFALO,NY,,,42.93077642140407,-78.81398660308358,01/13/2019 10:51:55 PM,01/21/2019 04:42:05 AM,POINT (-78.81398660308358 42.93077642140407),11,Thursday,Theft,9.0,2.0,11.0,39.0,22.0,1004.0
43,854689382,18-1400459,05/19/2018 04:00:00 AM,LARCENY/THEFT,Buffalo Police are investigating this report of a crime.  It is important to note that this is very preliminary information and further investigation as to the facts and circumstances of this report may be necessary.,,1 Block KRUPP AV,,BUFFALO,NY,,,42.892836798694574,-78.82336116708106,05/20/2018 11:57:13 PM,05/27/2018 01:38:30 PM,POINT (-78.82336116708106 42.892836798694574),4,Saturday,Theft,5.0,3.0,8.0,28.0,228.0,285.0
44,900893693,19-0130424,01/13/2019 03:00:00 AM,LARCENY/THEFT,Buffalo Police are investigating this report of a crime.  It is important to note that this is very preliminary information and further investigation as to the facts and circumstances of this report may be necessary.,,400 Block WEIMAR ST,,BUFFALO,NY,,,42.87530884648169,-78.80710195760292,01/13/2019 10:00:02 PM,01/21/2019 04:42:04 AM,POINT (-78.80710195760292 42.87530884648169),3,Sunday,Theft,2.0,4.0,17.0,53.0,5.0,1966.0
45,900986694,19-0130803,01/13/2019 04:00:00 AM,LARCENY/THEFT,Buffalo Police are investigating this report of a crime.  It is important to note that this is very preliminary information and further investigation as to the facts and circumstances of this report may be necessary.,,1 Block MOORE DR,,BUFFALO,NY,14223,,42.97601710000001,-78.8504432,01/14/2019 12:40:15 PM,01/21/2019 04:42:05 AM,POINT (-78.8504432 42.97601710000001),4,Sunday,Theft,,,20.0,,,
46,855588974,18-1460030,05/26/2018 12:34:34 PM,BURGLARY,Buffalo Police are investigating this report of a crime.  It is important to note that this is very preliminary information and further investigation as to the facts and circumstances of this report may be necessary.,,1 Block FULTON ST,,BUFFALO,NY,,,42.87373892763738,-78.87115088985551,05/26/2018 07:58:39 AM,05/27/2018 01:38:36 PM,POINT (-78.87115088985551 42.87373892763738),12,Saturday,Breaking & Entering,5.0,4.0,16.0,31.0,38.0,59.0
47,840947993,18-0910478,03/31/2018 08:00:00 AM,LARCENY/THEFT,Buffalo Police are investigating this report of a crime.  It is important to note that this is very preliminary information and further investigation as to the facts and circumstances of this report may be necessary.,,1 Block CLAREMONT AV,,BUFFALO,NY,,,42.92370923562828,-78.88023208647472,04/01/2018 10:59:25 PM,04/03/2018 11:44:12 AM,POINT (-78.88023208647472 42.92370923562828),8,Saturday,Theft,7.0,5.0,12.0,76.0,95.0,1609.0
48,854493191,18-1370879,05/17/2018 05:30:00 AM,BURGLARY,Buffalo Police are investigating this report of a crime.  It is important to note that this is very preliminary information and further investigation as to the facts and circumstances of this report may be necessary.,,2200 Block SENECA ST,,BUFFALO,NY,,,42.85103065838759,-78.80436653027907,05/18/2018 02:31:26 AM,05/18/2018 02:32:03 AM,POINT (-78.80436653027907 42.851030658387586),5,Thursday,Breaking & Entering,6.0,4.0,19.0,22.0,17.0,1248.0
49,854559668,18-1380725,05/18/2018 04:35:18 AM,BURGLARY,Buffalo Police are investigating this report of a crime.  It is important to note that this is very preliminary information and further investigation as to the facts and circumstances of this report may be necessary.,,100 Block FULTON ST,,BUFFALO,NY,,,42.87271046634883,-78.8654383705783,05/18/2018 10:16:37 PM,05/18/2018 10:17:14 PM,POINT (-78.8654383705783 42.87271046634883),4,Friday,Breaking & Entering,5.0,4.0,16.0,31.0,38.0,2059.0
50,889483777,18-3170204,11/13/2018 08:50:42 AM,BURGLARY,Buffalo Police are investigating this report of a crime.  It is important to note that this is very preliminary information and further investigation as to the facts and circumstances of this report may be necessary.,,400 Block KENSINGTON AV,,BUFFALO,NY,,,42.9288074907136,-78.8367935914552,11/13/2018 05:58:15 PM,11/13/2018 05:58:40 PM,POINT (-78.8367935914552 42.928807490713595),8,Tuesday,Breaking & Entering,9.0,2.0,18.0,19.0,209.0,1261.0
51,878035191,18-2600274,09/17/2018 08:10:00 AM,ASSAULT,Buffalo Police are investigating this report of a crime.  It is important to note that this is very preliminary information and further investigation as to the facts and circumstances of this report may be necessary.,,900 Block EXCHANGE ST,,BUFFALO,NY,,,42.8728771479076,-78.84130240940405,09/17/2018 06:26:40 PM,09/24/2018 09:16:18 PM,POINT (-78.84130240940405 42.8728771479076),8,Monday,Assault,5.0,4.0,19.0,68.0,241.0,223.0
52,841297390,18-0920875,04/02/2018 11:35:00 AM,ASSAULT,Buffalo Police are investigating this report of a crime.  It is important to note that this is very preliminary information and further investigation as to the facts and circumstances of this report may be necessary.,,1 Block STEVENSON ST,,BUFFALO,NY,,,42.85476177315909,-78.81843993744356,04/03/2018 06:44:00 AM,04/03/2018 09:13:56 AM,POINT (-78.81843993744356 42.85476177315909),11,Monday,Assault,6.0,4.0,9.0,44.0,232.0,2086.0
53,867792780,18-2320954,08/20/2018 09:00:00 AM,ASSAULT,Buffalo Police are investigating this report of a crime.  It is important to note that this is very preliminary information and further investigation as to the facts and circumstances of this report may be necessary.,,1 Block GOULDING AV,,BUFFALO,NY,,,42.91571468471605,-78.85085120680723,08/21/2018 09:31:10 AM,08/24/2018 11:13:16 AM,POINT (-78.85085120680723 42.91571468471605),9,Monday,Assault,9.0,2.0,22.0,59.0,128.0,523.0
54,864748103,18-2040904,07/11/2018 02:10:00 AM,LARCENY/THEFT,Buffalo Police are investigating this report of a crime.  It is important to note that this is very preliminary information and further investigation as to the facts and circumstances of this report may be necessary.,,100 Block VANDERBILT ST,,BUFFALO,NY,,,42.89218979933398,-78.80399100952562,07/24/2018 02:50:22 AM,07/30/2018 08:46:49 AM,POINT (-78.80399100952563 42.89218979933398),2,Wednesday,Theft,2.0,3.0,17.0,28.0,142.0,1078.0
55,864964914,18-2070828,04/01/2008 12:00:00 PM,SEXUAL ABUSE,Buffalo Police are investigating this report of a crime.  It is important to note that this is very preliminary information and further investigation as to the facts and circumstances of this report may be necessary.,,2700 Block BAILEY AV,,BUFFALO,NY,14215,,42.9302979,-78.81333609999999,07/26/2018 11:49:52 PM,08/02/2018 03:04:08 AM,POINT (-78.8133361 42.9302979),12,Tuesday,Other Sexual Offense,8.0,2.0,11.0,63.0,202.0,2686.0
56,892872811,18-3400532,12/06/2018 12:51:00 PM,LARCENY/THEFT,Buffalo Police are investigating this report of a crime.  It is important to note that this is very preliminary information and further investigation as to the facts and circumstances of this report may be necessary.,,200 Block COLGATE AV,,BUFFALO,NY,,,42.84028484450453,-78.82636424328034,12/07/2018 01:44:38 AM,12/13/2018 11:37:11 AM,POINT (-78.82636424328035 42.84028484450453),12,Thursday,Theft,6.0,4.0,9.0,79.0,208.0,1301.0
57,863743581,18-1940810,07/13/2018 06:20:40 AM,LARCENY/THEFT,Buffalo Police are investigating this report of a crime.  It is important to note that this is very preliminary information and further investigation as to the facts and circumstances of this report may be necessary.,,2700 Block BAILEY AV,,BUFFALO,NY,14215,,42.9303177,-78.81330320000001,07/13/2018 11:38:22 PM,07/21/2018 02:13:05 AM,POINT (-78.8133032 42.9303177),6,Friday,Theft,8.0,2.0,11.0,63.0,202.0,2686.0
58,863775501,18-1950111,07/14/2018 01:49:11 AM,ASSAULT,Buffalo Police are investigating this report of a crime.  It is important to note that this is very preliminary information and further investigation as to the facts and circumstances of this report may be necessary.,,100 Block ALLEN ST,,BUFFALO,NY,,,42.89970295578065,-78.87922115779334,07/14/2018 10:36:46 AM,07/21/2018 11:59:48 PM,POINT (-78.87922115779335 42.89970295578065),1,Saturday,Assault,5.0,1.0,15.0,13.0,141.0,2796.0
59,841801356,18-0950229,04/01/2018 12:00:00 PM,SEXUAL ABUSE,Buffalo Police are investigating this report of a crime.  It is important to note that this is very preliminary information and further investigation as to the facts and circumstances of this report may be necessary.,,700 Block NIAGARA ST,,BUFFALO,NY,,,42.90525768713133,-78.89533484287695,04/05/2018 03:10:10 PM,04/13/2018 03:23:41 AM,POINT (-78.89533484287695 42.905257687131325),12,Sunday,Other Sexual Offense,3.0,1.0,2.0,69.0,144.0,2657.0
60,841775743,18-0950045,04/05/2018 01:14:00 AM,RAPE,Buffalo Police are investigating this report of a crime.  It is important to note that this is very preliminary information and further investigation as to the facts and circumstances of this report may be necessary.,,200 Block LISBON AV,,BUFFALO,NY,,,42.947694877860755,-78.81946561992706,04/05/2018 08:45:47 AM,04/13/2018 03:23:41 AM,POINT (-78.81946561992707 42.947694877860755),1,Thursday,Sexual Assault,8.0,2.0,11.0,56.0,257.0,3045.0
61,854807666,18-1410369,11/17/2017 12:00:00 PM,LARCENY/THEFT,Buffalo Police are investigating this report of a crime.  It is important to note that this is very preliminary information and further investigation as to the facts and circumstances of this report may be necessary.,,2100 Block ELMWOOD AV,,BUFFALO,NY,,,42.954418930366316,-78.87795160736485,05/21/2018 07:38:43 PM,05/28/2018 07:29:17 AM,POINT (-78.87795160736484 42.954418930366316),12,Friday,Theft,1.0,5.0,5.0,70.0,164.0,2994.0
62,880093948,18-2780628,10/01/2018 03:30:00 AM,SEXUAL ABUSE,Buffalo Police are investigating this report of a crime.  It is important to note that this is very preliminary information and further investigation as to the facts and circumstances of this report may be necessary.,,1 Block BENWOOD AV,,BUFFALO,NY,,,42.94212012939906,-78.83457000352728,10/05/2018 11:15:18 PM,10/12/2018 06:23:38 PM,POINT (-78.83457000352726 42.942120129399065),3,Monday,Other Sexual Offense,9.0,2.0,18.0,64.0,118.0,2294.0
63,881400467,18-2890578,07/16/2018 12:00:00 PM,LARCENY/THEFT,Buffalo Police are investigating this report of a crime.  It is important to note that this is very preliminary information and further investigation as to the facts and circumstances of this report may be necessary.,,1 Block HOFFMAN PL,,BUFFALO,NY,,,42.93794863834237,-78.90113891205613,10/16/2018 09:53:27 PM,10/20/2018 12:46:47 PM,POINT (-78.90113891205613 42.93794863834237),12,Monday,Theft,1.0,5.0,10.0,72.0,75.0,1640.0
64,869985806,18-2480606,09/03/2018 12:00:00 PM,SEXUAL ABUSE,Buffalo Police are investigating this report of a crime.  It is important to note that this is very preliminary information and further investigation as to the facts and circumstances of this report may be necessary.,,300 Block MANHATTAN AV,,BUFFALO,NY,,,42.94407255069578,-78.81967586677577,09/05/2018 11:06:49 PM,09/12/2018 07:47:11 PM,POINT (-78.81967586677577 42.944072550695786),12,Monday,Other Sexual Offense,8.0,2.0,11.0,56.0,117.0,1329.0
65,867822336,18-2330433,04/28/2018 12:00:00 PM,LARCENY/THEFT,Buffalo Police are investigating this report of a crime.  It is important to note that this is very preliminary information and further investigation as to the facts and circumstances of this report may be necessary.,,1100 Block E DELAVAN AV,,BUFFALO,NY,,,42.922899015763065,-78.81522663113543,08/21/2018 06:28:41 PM,08/28/2018 07:18:59 PM,POINT (-78.81522663113542 42.92289901576306),12,Saturday,Theft,2.0,2.0,11.0,75.0,145.0,3303.0
66,869652498,18-2470861,09/04/2018 07:00:57 AM,BURGLARY,Buffalo Police are investigating this report of a crime.  It is important to note that this is very preliminary information and further investigation as to the facts and circumstances of this report may be necessary.,,1 Block REED ST,,BUFFALO,NY,,,42.894716859692586,-78.84202783903947,09/05/2018 01:51:16 AM,09/12/2018 01:25:32 AM,POINT (-78.84202783903947 42.894716859692586),7,Tuesday,Breaking & Entering,5.0,3.0,8.0,26.0,55.0,2707.0
67,856191856,18-1521172,06/01/2018 10:33:21 AM,BURGLARY,Buffalo Police are investigating this report of a crime.  It is important to note that this is very preliminary information and further investigation as to the facts and circumstances of this report may be necessary.,,100 Block GUILFORD ST,,BUFFALO,NY,,,42.897101563920174,-78.84312009295755,06/02/2018 06:28:24 AM,06/06/2018 11:39:01 PM,POINT (-78.84312009295755 42.897101563920174),10,Friday,Breaking & Entering,5.0,3.0,4.0,26.0,8.0,1461.0
68,869692697,18-2480129,09/05/2018 06:10:41 AM,BURGLARY,Buffalo Police are investigating this report of a crime.  It is important to note that this is very preliminary information and further investigation as to the facts and circumstances of this report may be necessary.,,200 Block LINWOOD AV,,BUFFALO,NY,,,42.90958184598504,-78.86803276311369,09/05/2018 03:49:23 PM,09/12/2018 07:47:10 PM,POINT (-78.86803276311369 42.90958184598504),6,Wednesday,Breaking & Entering,4.0,1.0,21.0,52.0,74.0,1970.0
69,840186448,18-0870060,03/28/2018 03:22:00 AM,UUV,Buffalo Police are investigating this report of a crime.  It is important to note that this is very preliminary information and further investigation as to the facts and circumstances of this report may be necessary.,,1900 Block S PARK AV,,BUFFALO,NY,14220,,42.845182799999996,-78.8241522,03/28/2018 08:29:47 AM,04/05/2018 07:07:13 AM,POINT (-78.8241522 42.8451828),3,Wednesday,Theft of Vehicle,6.0,4.0,9.0,1.0,147.0,2468.0
70,854574372,18-1381108,05/18/2018 05:00:00 AM,UUV,Buffalo Police are investigating this report of a crime.  It is important to note that this is very preliminary information and further investigation as to the facts and circumstances of this report may be necessary.,,500 Block ELMWOOD AV,,BUFFALO,NY,,,42.91145141338244,-78.8774109086813,05/19/2018 04:07:29 AM,05/26/2018 02:59:12 AM,POINT (-78.8774109086813 42.91145141338244),5,Friday,Theft of Vehicle,3.0,1.0,12.0,40.0,268.0,1390.0
71,855999203,18-1510500,04/02/2018 12:00:00 PM,LARCENY/THEFT,Buffalo Police are investigating this report of a crime.  It is important to note that this is very preliminary information and further investigation as to the facts and circumstances of this report may be necessary.,,200 Block 7TH ST,,BUFFALO,NY,,,42.89140154101637,-78.88492825199677,05/31/2018 07:13:01 PM,06/06/2018 11:38:59 PM,POINT (-78.88492825199677 42.891401541016364),12,Monday,Theft,5.0,1.0,15.0,48.0,43.0,510.0
72,854641696,18-1391056,05/19/2018 04:00:00 AM,UUV,Buffalo Police are investigating this report of a crime.  It is important to note that this is very preliminary information and further investigation as to the facts and circumstances of this report may be necessary.,,1000 Block MAIN ST,,BUFFALO,NY,,,42.90222573662566,-78.86904396583269,05/20/2018 04:29:05 AM,05/26/2018 02:59:12 AM,POINT (-78.86904396583269 42.90222573662566),4,Saturday,Theft of Vehicle,4.0,1.0,21.0,52.0,137.0,2303.0
73,870444708,18-2490278,09/06/2018 09:30:00 AM,LARCENY/THEFT,Buffalo Police are investigating this report of a crime.  It is important to note that this is very preliminary information and further investigation as to the facts and circumstances of this report may be necessary.,,S ELMWOOD AV & NIAGARA ST,,BUFFALO,NY,,,42.89003812253846,-78.8816751232968,09/06/2018 05:51:20 PM,09/12/2018 07:47:11 PM,POINT (-78.8816751232968 42.89003812253847),9,Thursday,Theft,5.0,1.0,15.0,48.0,43.0,1051.0
74,854879978,18-1420346,05/21/2018 11:05:00 AM,LARCENY/THEFT,Buffalo Police are investigating this report of a crime.  It is important to note that this is very preliminary information and further investigation as to the facts and circumstances of this report may be necessary.,,400 Block WOHLERS AV,,BUFFALO,NY,14208,,42.915321999999996,-78.84787270000001,05/22/2018 05:46:35 PM,05/28/2018 07:29:21 AM,POINT (-78.8478727 42.915322),11,Monday,Theft,9.0,2.0,22.0,59.0,128.0,764.0
75,870183394,18-2490283,09/06/2018 09:31:45 AM,BURGLARY,Buffalo Police are investigating this report of a crime.  It is important to note that this is very preliminary information and further investigation as to the facts and circumstances of this report may be necessary.,,1 Block MORELAND ST,,BUFFALO,NY,,,42.89080294167852,-78.81159861271996,09/06/2018 04:08:45 PM,09/12/2018 07:47:11 PM,POINT (-78.81159861271996 42.890802941678515),9,Thursday,Breaking & Entering,2.0,3.0,17.0,28.0,280.0,1086.0
76,854868591,18-1420294,01/18/2018 12:00:00 PM,LARCENY/THEFT,Buffalo Police are investigating this report of a crime.  It is important to note that this is very preliminary information and further investigation as to the facts and circumstances of this report may be necessary.,,1500 Block JEFFERSON AV,,BUFFALO,NY,,,42.91644664972755,-78.85462489160274,05/22/2018 02:39:59 PM,05/28/2018 07:29:20 AM,POINT (-78.85462489160274 42.916446649727554),12,Thursday,Theft,9.0,2.0,22.0,25.0,108.0,2498.0
77,880038593,18-2770382,10/03/2018 12:00:00 PM,LARCENY/THEFT,Buffalo Police are investigating this report of a crime.  It is important to note that this is very preliminary information and further investigation as to the facts and circumstances of this report may be necessary.,,1 Block PRIME ST,,BUFFALO,NY,14202,,42.87573099999999,-78.878525,10/05/2018 06:50:40 AM,10/11/2018 09:17:44 PM,POINT (-78.878525 42.87573099999999),12,Wednesday,Theft,5.0,1.0,3.0,67.0,203.0,1049.0
78,871682282,18-2500360,09/07/2018 09:30:35 AM,BURGLARY,Buffalo Police are investigating this report of a crime.  It is important to note that this is very preliminary information and further investigation as to the facts and circumstances of this report may be necessary.,,1 Block DELAWARE AV,,BUFFALO,NY,,,42.88472201976717,-78.87896298903046,09/07/2018 04:00:00 PM,09/12/2018 07:47:13 PM,POINT (-78.87896298903046 42.884722019767175),9,Friday,Breaking & Entering,4.0,1.0,3.0,77.0,31.0,751.0
79,854639285,18-1390814,05/19/2018 07:30:21 AM,LARCENY/THEFT,Buffalo Police are investigating this report of a crime.  It is important to note that this is very preliminary information and further investigation as to the facts and circumstances of this report may be necessary.,,400 Block GOETHE ST,,BUFFALO,NY,,,42.8970262043045,-78.80023891677392,05/20/2018 03:47:06 AM,05/26/2018 02:59:08 AM,POINT (-78.80023891677392 42.8970262043045),7,Saturday,Theft,2.0,3.0,8.0,28.0,221.0,2458.0
80,854662785,18-1400171,05/20/2018 03:00:00 AM,BURGLARY,Buffalo Police are investigating this report of a crime.  It is important to note that this is very preliminary information and further investigation as to the facts and circumstances of this report may be necessary.,,400 Block MOSELLE ST,,BUFFALO,NY,,,42.91574540692194,-78.82468199521655,05/20/2018 10:51:45 AM,05/27/2018 01:38:29 PM,POINT (-78.82468199521655 42.915745406921936),3,Sunday,Breaking & Entering,9.0,2.0,11.0,47.0,26.0,79.0
81,854676362,18-1400345,05/20/2018 11:02:00 AM,RAPE,Buffalo Police are investigating this report of a crime.  It is important to note that this is very preliminary information and further investigation as to the facts and circumstances of this report may be necessary.,,E DELAVAN AV & PANSY PL,,BUFFALO,NY,,,42.9219797419771,-78.84695811406996,05/20/2018 05:01:23 PM,05/27/2018 01:38:30 PM,POINT (-78.84695811406996 42.921979741977104),11,Sunday,Sexual Assault,9.0,2.0,22.0,59.0,4.0,185.0
82,913731906,19-1030088,04/13/2019 02:06:27 AM,ROBBERY,Buffalo Police are investigating this report of a crime.  It is important to note that this is very preliminary information and further investigation as to the facts and circumstances of this report may be necessary.,,900 Block SYCAMORE ST,,BUFFALO,NY,,,42.89834770382841,-78.83804967503,04/13/2019 07:38:59 AM,04/21/2019 04:00:45 AM,POINT (-78.83804967503 42.89834770382841),2,Saturday,Robbery,5.0,3.0,4.0,62.0,80.0,658.0
83,913776987,19-1030708,04/13/2019 04:00:00 AM,SEXUAL ABUSE,Buffalo Police are investigating this report of a crime.  It is important to note that this is very preliminary information and further investigation as to the facts and circumstances of this report may be necessary.,,1000 Block AMHERST ST,,BUFFALO,NY,14216,,42.94070121122452,-78.86645816076495,04/13/2019 10:23:43 PM,04/21/2019 04:00:51 AM,POINT (-78.86645816076496 42.94070121122452),4,Saturday,Other Sexual Offense,7.0,5.0,5.0,36.0,37.0,1675.0
84,893720551,18-3460776,12/12/2018 07:15:00 AM,ASSAULT,Buffalo Police are investigating this report of a crime.  It is important to note that this is very preliminary information and further investigation as to the facts and circumstances of this report may be necessary.,,300 Block 14TH ST,,BUFFALO,NY,,,42.9104281229467,-78.89091886196978,12/13/2018 04:07:49 AM,12/13/2018 04:08:06 AM,POINT (-78.89091886196978 42.9104281229467),7,Wednesday,Assault,3.0,1.0,2.0,41.0,96.0,1714.0
85,893541208,18-3460208,12/12/2018 09:18:57 AM,BURGLARY,Buffalo Police are investigating this report of a crime.  It is important to note that this is very preliminary information and further investigation as to the facts and circumstances of this report may be necessary.,,400 Block WASHINGTON ST,,BUFFALO,NY,,,42.8866862650745,-78.87266631772242,12/12/2018 04:01:14 PM,12/13/2018 11:37:30 AM,POINT (-78.87266631772242 42.8866862650745),9,Wednesday,Breaking & Entering,4.0,1.0,14.0,77.0,31.0,1077.0
86,923001598,19-1650393,10/01/2014 12:00:00 PM,SEXUAL ABUSE,Buffalo Police are investigating this report of a crime.  It is important to note that this is very preliminary information and further investigation as to the facts and circumstances of this report may be necessary.,,400 Block W FERRY ST,,BUFFALO,NY,,,42.914426095208825,-78.83837719624712,06/15/2019 10:01:16 AM,06/22/2019 03:59:15 AM,POINT (-78.83837719624712 42.91442609520883),12,Wednesday,Other Sexual Offense,9.0,3.0,4.0,47.0,207.0,2823.0
87,922138053,19-1560556,06/05/2019 03:21:00 AM,LARCENY/THEFT,Buffalo Police are investigating this report of a crime.  It is important to note that this is very preliminary information and further investigation as to the facts and circumstances of this report may be necessary.,,100 Block HERTEL AV,,BUFFALO,NY,,,42.941979562860155,-78.90205597866976,06/06/2019 06:06:00 AM,06/13/2019 04:00:33 AM,POINT (-78.90205597866976 42.941979562860155),3,Wednesday,Theft,1.0,5.0,10.0,72.0,122.0,3231.0
88,922115675,19-1560691,06/05/2019 05:40:42 AM,BURGLARY,Buffalo Police are investigating this report of a crime.  It is important to note that this is very preliminary information and further investigation as to the facts and circumstances of this report may be necessary.,,100 Block DELAWARE AV,,BUFFALO,NY,,,42.88804669217815,-78.87718775833468,06/06/2019 12:45:09 AM,06/13/2019 04:00:34 AM,POINT (-78.87718775833468 42.88804669217816),5,Wednesday,Breaking & Entering,4.0,1.0,3.0,77.0,31.0,1437.0
89,922121082,19-1560830,06/05/2019 08:00:00 AM,LARCENY/THEFT,Buffalo Police are investigating this report of a crime.  It is important to note that this is very preliminary information and further investigation as to the facts and circumstances of this report may be necessary.,,2200 Block DELAWARE AV,,BUFFALO,NY,14216,,42.9452185,-78.8716457,06/06/2019 02:41:10 AM,06/13/2019 04:00:35 AM,POINT (-78.8716457 42.9452185),8,Wednesday,Theft,1.0,5.0,5.0,70.0,94.0,2746.0
90,854815219,18-1410553,03/08/2018 12:00:00 PM,LARCENY/THEFT,Buffalo Police are investigating this report of a crime.  It is important to note that this is very preliminary information and further investigation as to the facts and circumstances of this report may be necessary.,,100 Block GOETHE ST,,BUFFALO,NY,,,42.889288290266606,-78.80032374818751,05/21/2018 09:59:06 PM,05/28/2018 07:29:18 AM,POINT (-78.8003237481875 42.88928829026661),12,Thursday,Theft,2.0,3.0,17.0,3.0,163.0,1698.0
91,841906287,18-0960470,11/28/2017 12:00:00 PM,LARCENY/THEFT,Buffalo Police are investigating this report of a crime.  It is important to note that this is very preliminary information and further investigation as to the facts and circumstances of this report may be necessary.,,200 Block BABCOCK ST,,BUFFALO,NY,,,42.872373033056675,-78.83354080837302,04/06/2018 11:34:22 PM,04/14/2018 03:50:46 AM,POINT (-78.83354080837302 42.87237303305667),12,Tuesday,Theft,2.0,4.0,19.0,68.0,241.0,2675.0
92,840942607,18-0910425,02/01/2018 12:00:00 PM,LARCENY/THEFT,Buffalo Police are investigating this report of a crime.  It is important to note that this is very preliminary information and further investigation as to the facts and circumstances of this report may be necessary.,,1 Block MARYNER TOWERS ST,,BUFFALO,NY,,,42.893166848048665,-78.89176601360433,04/01/2018 07:21:45 PM,04/09/2018 03:58:04 AM,POINT (-78.89176601360433 42.893166848048665),12,Thursday,Theft,4.0,1.0,15.0,55.0,103.0,3187.0
93,861613351,18-1820433,01/01/2009 01:00:00 AM,SEXUAL ABUSE,Buffalo Police are investigating this report of a crime.  It is important to note that this is very preliminary information and further investigation as to the facts and circumstances of this report may be necessary.,,200 Block ABBOTT RD,,BUFFALO,NY,,,42.854729949617365,-78.82056561337205,07/01/2018 04:21:47 PM,07/07/2018 09:01:41 AM,POINT (-78.82056561337205 42.85472994961737),1,Thursday,Other Sexual Offense,6.0,4.0,9.0,44.0,82.0,805.0
94,859152174,18-1700341,06/19/2018 07:00:00 AM,ASSAULT,Buffalo Police are investigating this report of a crime.  It is important to note that this is very preliminary information and further investigation as to the facts and circumstances of this report may be necessary.,,100 Block ROUNDS AV,,BUFFALO,NY,,,42.9476078365425,-78.80818537556479,06/19/2018 04:51:32 PM,06/26/2018 06:01:32 PM,POINT (-78.80818537556478 42.9476078365425),7,Tuesday,Assault,8.0,2.0,11.0,7.0,131.0,1263.0
95,859937904,18-1701131,06/19/2018 11:29:29 AM,BURGLARY,Buffalo Police are investigating this report of a crime.  It is important to note that this is very preliminary information and further investigation as to the facts and circumstances of this report may be necessary.,,1 Block FULTON ST,,BUFFALO,NY,,,42.87373892763738,-78.87115088985551,06/20/2018 01:40:14 PM,06/26/2018 06:01:36 PM,POINT (-78.87115088985551 42.87373892763738),11,Tuesday,Breaking & Entering,5.0,4.0,16.0,31.0,38.0,59.0
96,939210124,19-2380391,08/23/2019 12:00:00 PM,LARCENY/THEFT,Buffalo Police are investigating this report of a crime.  It is important to note that this is very preliminary information and further investigation as to the facts and circumstances of this report may be necessary.,,GRANT ST & W FERRY ST,,BUFFALO,NY,,,42.91528591642199,-78.89049504646475,08/26/2019 04:44:09 PM,09/03/2019 03:44:03 AM,POINT (-78.89049504646475 42.915285916421986),12,Friday,Theft,3.0,5.0,2.0,43.0,23.0,587.0
97,939205379,19-2380240,08/24/2019 11:10:00 AM,ASSAULT,Buffalo Police are investigating this report of a crime.  It is important to note that this is very preliminary information and further investigation as to the facts and circumstances of this report may be necessary.,,200 Block KINGSLEY ST,,BUFFALO,NY,,,42.90840079036998,-78.84555646739601,08/26/2019 03:32:29 PM,09/03/2019 03:44:02 AM,POINT (-78.845556467396 42.90840079036998),11,Saturday,Assault,4.0,3.0,22.0,65.0,76.0,991.0
98,909789281,19-0700555,05/01/2018 12:00:00 PM,LARCENY/THEFT,Buffalo Police are investigating this report of a crime.  It is important to note that this is very preliminary information and further investigation as to the facts and circumstances of this report may be necessary.,,1 Block VERNON PL,,BUFFALO,NY,,,42.93911716838577,-78.84004759210355,03/11/2019 10:46:25 PM,03/19/2019 03:35:38 AM,POINT (-78.84004759210355 42.93911716838577),12,Tuesday,Theft,9.0,5.0,18.0,19.0,15.0,1705.0
99,908245871,19-0570710,02/26/2019 12:00:00 PM,LARCENY/THEFT,Buffalo Police are investigating this report of a crime.  It is important to note that this is very preliminary information and further investigation as to the facts and circumstances of this report may be necessary.,,1 Block W UTICA ST,,BUFFALO,NY,,,42.91145127068429,-78.86658554221897,02/27/2019 02:52:05 AM,03/06/2019 03:37:13 AM,POINT (-78.86658554221897 42.91145127068429),12,Tuesday,Theft,4.0,1.0,21.0,61.0,61.0,167.0
100,856061873,18-1520133,05/22/2018 11:00:00 AM,RAPE,Buffalo Police are investigating this report of a crime.  It is important to note that this is very preliminary information and further investigation as to the facts and circumstances of this report may be necessary.,,700 Block DELAWARE AV,,BUFFALO,NY,,,42.903397158173206,-78.87240853400479,06/01/2018 10:19:49 AM,06/06/2018 11:39:00 PM,POINT (-78.87240853400479 42.9033971581732),11,Tuesday,Sexual Assault,4.0,1.0,21.0,52.0,137.0,2752.0
101,901064208,19-0140900,01/14/2019 10:20:30 AM,ASSAULT,Buffalo Police are investigating this report of a crime.  It is important to note that this is very preliminary information and further investigation as to the facts and circumstances of this report may be necessary.,,2000 Block CLINTON ST,,BUFFALO,NY,,,42.87202848677742,-78.80071093535736,01/15/2019 07:48:28 AM,01/22/2019 04:34:33 AM,POINT (-78.80071093535736 42.872028486777424),10,Monday,Assault,2.0,4.0,17.0,53.0,9.0,2806.0
102,865054870,18-2080500,07/27/2018 01:54:19 AM,BURGLARY,Buffalo Police are investigating this report of a crime.  It is important to note that this is very preliminary information and further investigation as to the facts and circumstances of this report may be necessary.,,300 Block MILLICENT AV,,BUFFALO,NY,,,42.934887204189074,-78.80257498176617,07/28/2018 02:00:01 AM,08/04/2018 01:14:58 AM,POINT (-78.80257498176617 42.934887204189074),1,Friday,Breaking & Entering,8.0,2.0,11.0,24.0,69.0,2073.0
103,865069659,18-2080906,07/27/2018 08:40:21 AM,RAPE,Buffalo Police are investigating this report of a crime.  It is important to note that this is very preliminary information and further investigation as to the facts and circumstances of this report may be necessary.,,400 Block FILLMORE AV,,BUFFALO,NY,,,42.88619058002431,-78.83882055101215,07/28/2018 07:33:38 AM,08/04/2018 08:25:20 PM,POINT (-78.83882055101215 42.88619058002431),8,Friday,Sexual Assault,5.0,3.0,17.0,34.0,33.0,2753.0
104,925761619,19-1970292,07/14/2019 12:00:00 PM,LARCENY/THEFT,Buffalo Police are investigating this report of a crime.  It is important to note that this is very preliminary information and further investigation as to the facts and circumstances of this report may be necessary.,,200 Block CRESCENT AV,,BUFFALO,NY,,,42.93435420083264,-78.8471229178353,07/16/2019 02:32:02 PM,07/24/2019 03:18:05 AM,POINT (-78.84712291783532 42.934354200832644),12,Sunday,Theft,7.0,5.0,18.0,38.0,275.0,2429.0
105,841759662,18-0940975,10/15/2017 12:00:00 PM,LARCENY/THEFT,Buffalo Police are investigating this report of a crime.  It is important to note that this is very preliminary information and further investigation as to the facts and circumstances of this report may be necessary.,,200 Block HOWARD ST,,BUFFALO,NY,,,42.88313226740197,-78.84440469763283,04/05/2018 02:54:28 AM,04/12/2018 03:47:52 AM,POINT (-78.84440469763283 42.88313226740197),12,Sunday,Theft,5.0,3.0,17.0,60.0,7.0,156.0
106,854939908,18-1430180,05/21/2018 12:00:00 PM,LARCENY/THEFT,Buffalo Police are investigating this report of a crime.  It is important to note that this is very preliminary information and further investigation as to the facts and circumstances of this report may be necessary.,,1 Block FRANKLIN ST,,BUFFALO,NY,,,42.883160428014776,-78.8780227382626,05/23/2018 12:29:19 PM,05/27/2018 01:38:32 PM,POINT (-78.8780227382626 42.88316042801478),12,Monday,Theft,5.0,1.0,3.0,77.0,31.0,270.0
107,854921684,18-1420952,05/22/2018 10:46:32 AM,LARCENY/THEFT,Buffalo Police are investigating this report of a crime.  It is important to note that this is very preliminary information and further investigation as to the facts and circumstances of this report may be necessary.,,FRANKLIN ST & COURT ST,,BUFFALO,NY,,,42.88612733505249,-78.87665625798701,05/23/2018 06:53:06 AM,05/27/2018 01:38:32 PM,POINT (-78.87665625798702 42.886127335052485),10,Tuesday,Theft,4.0,1.0,3.0,77.0,31.0,2313.0
108,854891010,18-1420636,05/22/2018 12:30:00 PM,LARCENY/THEFT,Buffalo Police are investigating this report of a crime.  It is important to note that this is very preliminary information and further investigation as to the facts and circumstances of this report may be necessary.,,1 Block SAGE AV,,BUFFALO,NY,,,42.86231564261982,-78.81444027909153,05/22/2018 09:39:35 PM,05/27/2018 01:38:32 PM,POINT (-78.81444027909153 42.86231564261982),12,Tuesday,Theft,6.0,4.0,19.0,10.0,170.0,2000.0
109,863849710,18-1960334,07/15/2018 09:36:00 AM,ASSAULT,Buffalo Police are investigating this report of a crime.  It is important to note that this is very preliminary information and further investigation as to the facts and circumstances of this report may be necessary.,,1 Block MINNESOTA AV,,BUFFALO,NY,,,42.947815780354475,-78.82723505360164,07/15/2018 04:38:41 PM,07/22/2018 08:45:52 PM,POINT (-78.82723505360164 42.947815780354475),9,Sunday,Assault,8.0,2.0,18.0,56.0,244.0,3262.0
110,864093402,18-1970524,07/16/2018 01:42:27 AM,LARCENY/THEFT,Buffalo Police are investigating this report of a crime.  It is important to note that this is very preliminary information and further investigation as to the facts and circumstances of this report may be necessary.,,1 Block LAKEVIEW AV,,BUFFALO,NY,,,42.898568997748384,-78.8929872114331,07/16/2018 10:28:56 PM,07/22/2018 08:45:54 PM,POINT (-78.8929872114331 42.898568997748384),1,Monday,Theft,4.0,1.0,15.0,69.0,47.0,1697.0
111,864069601,18-1970525,07/16/2018 01:44:00 AM,LARCENY/THEFT,Buffalo Police are investigating this report of a crime.  It is important to note that this is very preliminary information and further investigation as to the facts and circumstances of this report may be necessary.,,OUTER HARBOR,,BUFFALO,NY,14203,,42.8646167,-78.8775488,07/16/2018 08:54:35 PM,07/22/2018 08:45:54 PM,POINT (-78.8775488 42.8646167),1,Monday,Theft,6.0,4.0,14.0,32.0,269.0,2533.0
112,855643144,18-1461026,05/26/2018 09:59:25 AM,BURGLARY,Buffalo Police are investigating this report of a crime.  It is important to note that this is very preliminary information and further investigation as to the facts and circumstances of this report may be necessary.,,1 Block SEYMOUR KNOX PA,,BUFFALO,NY,,,42.875125619802546,-78.87615646457682,05/27/2018 04:22:30 AM,05/27/2018 04:23:15 AM,POINT (-78.87615646457682 42.875125619802546),9,Saturday,Breaking & Entering,5.0,1.0,14.0,77.0,31.0,1779.0
113,878380156,18-2611071,09/18/2018 10:10:31 AM,ASSAULT,Buffalo Police are investigating this report of a crime.  It is important to note that this is very preliminary information and further investigation as to the facts and circumstances of this report may be necessary.,,ELMWOOD AV & BRYANT ST,,BUFFALO,NY,,,42.90890021609704,-78.87717481649453,09/19/2018 03:24:46 AM,09/25/2018 10:40:54 PM,POINT (-78.87717481649453 42.90890021609704),10,Tuesday,Assault,3.0,1.0,12.0,58.0,109.0,2116.0
114,855683409,18-1470627,05/27/2018 12:15:00 PM,BURGLARY,Buffalo Police are investigating this report of a crime.  It is important to note that this is very preliminary information and further investigation as to the facts and circumstances of this report may be necessary.,,1 Block ALBERT AV,,BUFFALO,NY,,,42.950493782386275,-78.8990743603085,05/27/2018 08:02:37 PM,05/27/2018 08:03:19 PM,POINT (-78.8990743603085 42.95049378238627),12,Sunday,Breaking & Entering,1.0,5.0,10.0,9.0,204.0,2508.0
115,842160266,18-0990652,02/25/2018 12:00:00 PM,LARCENY/THEFT,Buffalo Police are investigating this report of a crime.  It is important to note that this is very preliminary information and further investigation as to the facts and circumstances of this report may be necessary.,,100 Block ELLER AV,,BUFFALO,NY,,,42.91680942986415,-78.80030828976732,04/09/2018 10:29:15 PM,04/17/2018 04:02:08 AM,POINT (-78.80030828976732 42.916809429864145),12,Sunday,Theft,2.0,3.0,4.0,14.0,263.0,2216.0
116,909067214,19-0650014,03/06/2019 12:20:39 PM,BURGLARY,Buffalo Police are investigating this report of a crime.  It is important to note that this is very preliminary information and further investigation as to the facts and circumstances of this report may be necessary.,,3400 Block BAILEY AV,,BUFFALO,NY,,,42.94822732574397,-78.81401439822929,03/06/2019 09:23:15 AM,03/06/2019 09:24:18 AM,POINT (-78.81401439822929 42.94822732574397),12,Wednesday,Breaking & Entering,8.0,2.0,11.0,56.0,257.0,333.0
117,868041900,18-2340322,06/01/2004 12:00:00 PM,SEXUAL ABUSE,Buffalo Police are investigating this report of a crime.  It is important to note that this is very preliminary information and further investigation as to the facts and circumstances of this report may be necessary.,,1 Block COURTLAND AV,,BUFFALO,NY,,,42.92030848198538,-78.80711539306964,08/22/2018 05:53:18 PM,08/28/2018 07:19:00 PM,POINT (-78.80711539306964 42.92030848198538),12,Tuesday,Other Sexual Offense,2.0,2.0,11.0,15.0,173.0,2970.0
118,922868205,19-1640609,06/12/2019 07:00:00 AM,BURGLARY,Buffalo Police are investigating this report of a crime.  It is important to note that this is very preliminary information and further investigation as to the facts and circumstances of this report may be necessary.,,200 Block ELM ST,,BUFFALO,NY,,,42.88776741077107,-78.86826825213825,06/13/2019 09:09:08 PM,06/13/2019 09:10:21 PM,POINT (-78.86826825213825 42.88776741077107),7,Wednesday,Breaking & Entering,4.0,1.0,14.0,77.0,31.0,2454.0
119,913853985,19-1040578,04/14/2019 03:21:00 AM,RAPE,Buffalo Police are investigating this report of a crime.  It is important to note that this is very preliminary information and further investigation as to the facts and circumstances of this report may be necessary.,,2400 Block DELAWARE AV,,BUFFALO,NY,,,42.95208121973047,-78.86927446948299,04/14/2019 10:50:49 PM,04/22/2019 03:47:06 AM,POINT (-78.86927446948299 42.952081219730466),3,Sunday,Sexual Assault,1.0,5.0,5.0,70.0,85.0,534.0
120,913858257,19-1040679,04/14/2019 12:00:00 PM,LARCENY/THEFT,Buffalo Police are investigating this report of a crime.  It is important to note that this is very preliminary information and further investigation as to the facts and circumstances of this report may be necessary.,,1 Block WINSLOW AV,,BUFFALO,NY,,,42.91333015058315,-78.84972099342097,04/15/2019 12:30:19 AM,04/22/2019 03:47:07 AM,POINT (-78.84972099342097 42.91333015058315),12,Sunday,Theft,9.0,3.0,22.0,65.0,115.0,2250.0
121,864563681,18-2020960,07/21/2018 08:44:16 AM,BURGLARY,Buffalo Police are investigating this report of a crime.  It is important to note that this is very preliminary information and further investigation as to the facts and circumstances of this report may be necessary.,,BROADWAY & BROADWAY,,BUFFALO,NY,,,42.88589505959807,-78.87087157522437,07/22/2018 02:58:23 AM,07/22/2018 02:58:24 AM,POINT (-78.87087157522437 42.88589505959807),8,Saturday,Breaking & Entering,4.0,1.0,14.0,77.0,31.0,364.0
122,889596070,18-3180780,10/26/2018 03:00:00 AM,LARCENY/THEFT,Buffalo Police are investigating this report of a crime.  It is important to note that this is very preliminary information and further investigation as to the facts and circumstances of this report may be necessary.,,300 Block BARNARD ST,,BUFFALO,NY,,,42.87457003742868,-78.80605470281455,11/15/2018 02:14:19 AM,11/15/2018 02:15:09 AM,POINT (-78.80605470281455 42.87457003742868),3,Friday,Theft,2.0,4.0,17.0,53.0,5.0,2800.0
123,880074667,18-2780319,10/04/2018 10:00:00 AM,LARCENY/THEFT,Buffalo Police are investigating this report of a crime.  It is important to note that this is very preliminary information and further investigation as to the facts and circumstances of this report may be necessary.,,100 Block ST LAWRENCE AV,,BUFFALO,NY,,,42.95599240469716,-78.86324094439973,10/05/2018 05:41:51 PM,10/12/2018 06:23:37 PM,POINT (-78.86324094439973 42.955992404697156),10,Thursday,Theft,7.0,5.0,5.0,46.0,129.0,1227.0
124,889591583,18-3180610,11/03/2018 10:00:00 AM,LARCENY/THEFT,Buffalo Police are investigating this report of a crime.  It is important to note that this is very preliminary information and further investigation as to the facts and circumstances of this report may be necessary.,,400 Block HINMAN AV,,BUFFALO,NY,,,42.95637707455668,-78.88464767069331,11/15/2018 12:46:30 AM,11/15/2018 12:47:17 AM,POINT (-78.88464767069331 42.95637707455667),10,Saturday,Theft,1.0,5.0,5.0,57.0,60.0,2813.0
125,880085219,18-2780412,10/05/2018 01:02:04 AM,BURGLARY,Buffalo Police are investigating this report of a crime.  It is important to note that this is very preliminary information and further investigation as to the facts and circumstances of this report may be necessary.,,1800 Block GENESEE ST,,BUFFALO,NY,,,42.91319268665485,-78.8117558850752,10/05/2018 08:58:46 PM,10/12/2018 06:23:37 PM,POINT (-78.8117558850752 42.913192686654845),1,Friday,Breaking & Entering,2.0,3.0,4.0,15.0,194.0,731.0
126,856047568,18-1501097,05/01/2018 11:14:00 AM,SEXUAL ABUSE,Buffalo Police are investigating this report of a crime.  It is important to note that this is very preliminary information and further investigation as to the facts and circumstances of this report may be necessary.,,1 Block HOWELL ST,,BUFFALO,NY,,,42.938895682624796,-78.88579481635924,06/01/2018 06:01:53 AM,06/06/2018 11:38:58 PM,POINT (-78.88579481635924 42.938895682624796),11,Tuesday,Other Sexual Offense,1.0,5.0,10.0,78.0,114.0,520.0
127,854842158,18-1410600,05/21/2018 05:02:28 AM,SEXUAL ABUSE,Buffalo Police are investigating this report of a crime.  It is important to note that this is very preliminary information and further investigation as to the facts and circumstances of this report may be necessary.,,1 Block WORCESTER PL,,BUFFALO,NY,,,42.93208766825556,-78.82993623942404,05/22/2018 06:51:57 AM,05/28/2018 07:29:19 AM,POINT (-78.82993623942404 42.93208766825556),5,Monday,Other Sexual Offense,9.0,2.0,11.0,45.0,30.0,1661.0
128,854890969,18-1420526,05/22/2018 02:58:49 AM,ASSAULT,Buffalo Police are investigating this report of a crime.  It is important to note that this is very preliminary information and further investigation as to the facts and circumstances of this report may be necessary.,,SENECA ST & KAMPER ST,,BUFFALO,NY,,,42.855080744512726,-78.80993791246391,05/22/2018 09:39:31 PM,05/28/2018 07:29:22 AM,POINT (-78.80993791246391 42.85508074451273),2,Tuesday,Assault,6.0,4.0,19.0,22.0,120.0,2179.0
129,880087891,18-2780495,10/05/2018 12:00:00 PM,SEXUAL ABUSE,Buffalo Police are investigating this report of a crime.  It is important to note that this is very preliminary information and further investigation as to the facts and circumstances of this report may be necessary.,,1 Block DAYS PKWY,,BUFFALO,NY,14201,,42.89877,-78.88201699999998,10/05/2018 09:41:17 PM,10/12/2018 06:23:37 PM,POINT (-78.88201699999999 42.89877),12,Friday,Other Sexual Offense,5.0,1.0,15.0,13.0,102.0,160.0
130,877605061,18-2560002,09/13/2018 12:01:31 PM,BURGLARY,Buffalo Police are investigating this report of a crime.  It is important to note that this is very preliminary information and further investigation as to the facts and circumstances of this report may be necessary.,,1 Block FULTON ST,,BUFFALO,NY,,,42.87373892763738,-78.87115088985551,09/13/2018 06:03:21 AM,09/13/2018 06:06:30 AM,POINT (-78.87115088985551 42.87373892763738),12,Thursday,Breaking & Entering,5.0,4.0,16.0,31.0,38.0,59.0
131,880208565,18-2790464,10/06/2018 12:00:00 PM,LARCENY/THEFT,Buffalo Police are investigating this report of a crime.  It is important to note that this is very preliminary information and further investigation as to the facts and circumstances of this report may be necessary.,,100 Block WECKER ST,,BUFFALO,NY,,,42.920575211367456,-78.81099913271423,10/07/2018 11:29:43 AM,10/12/2018 06:23:38 PM,POINT (-78.81099913271423 42.920575211367456),12,Saturday,Theft,2.0,2.0,11.0,15.0,248.0,843.0
132,880159737,18-2790431,10/06/2018 12:05:36 PM,ASSAULT,Buffalo Police are investigating this report of a crime.  It is important to note that this is very preliminary information and further investigation as to the facts and circumstances of this report may be necessary.,,1 Block RIPLEY PL,,BUFFALO,NY,,,42.90896694872981,-78.88318483623341,10/06/2018 07:11:16 PM,10/12/2018 06:23:38 PM,POINT (-78.88318483623341 42.90896694872981),12,Saturday,Assault,3.0,1.0,2.0,58.0,156.0,1272.0
133,860979364,18-1740349,06/16/2018 01:00:00 AM,LARCENY/THEFT,Buffalo Police are investigating this report of a crime.  It is important to note that this is very preliminary information and further investigation as to the facts and circumstances of this report may be necessary.,,1 Block KENTUCKY ST,,BUFFALO,NY,,,42.8643396561216,-78.86622086357238,06/23/2018 03:53:23 PM,06/29/2018 09:22:38 PM,POINT (-78.86622086357238 42.8643396561216),1,Saturday,Theft,5.0,4.0,16.0,32.0,11.0,2153.0
134,861409670,18-1790320,06/16/2018 12:00:00 PM,LARCENY/THEFT,Buffalo Police are investigating this report of a crime.  It is important to note that this is very preliminary information and further investigation as to the facts and circumstances of this report may be necessary.,,1200 Block E DELAVAN AV,,BUFFALO,NY,,,42.92290933651624,-78.81007433254807,06/28/2018 04:16:59 PM,07/05/2018 03:01:46 PM,POINT (-78.81007433254807 42.922909336516234),12,Saturday,Theft,8.0,2.0,11.0,75.0,175.0,653.0
135,860619999,18-1720099,06/21/2018 02:50:00 AM,RAPE,Buffalo Police are investigating this report of a crime.  It is important to note that this is very preliminary information and further investigation as to the facts and circumstances of this report may be necessary.,,1 Block HAMILTON ST,,BUFFALO,NY,,,42.93654814794282,-78.90154249398097,06/21/2018 09:27:27 AM,06/27/2018 05:39:20 PM,POINT (-78.90154249398097 42.93654814794282),2,Thursday,Sexual Assault,1.0,5.0,10.0,72.0,138.0,3268.0
136,838194668,18-0740633,03/12/2018 06:57:00 AM,LARCENY/THEFT,Buffalo Police are investigating this report of a crime.  It is important to note that this is very preliminary information and further investigation as to the facts and circumstances of this report may be necessary.,,1700 Block BROADWAY,,BUFFALO,NY,,,42.89802748749454,-78.80748265444011,03/16/2018 02:35:05 AM,03/23/2018 09:05:20 AM,POINT (-78.80748265444011 42.89802748749454),6,Monday,Theft,2.0,3.0,8.0,11.0,199.0,473.0
137,860850746,18-1720647,06/21/2018 12:00:00 PM,SEXUAL ABUSE,Buffalo Police are investigating this report of a crime.  It is important to note that this is very preliminary information and further investigation as to the facts and circumstances of this report may be necessary.,,1 Block DONOVAN DR,,BUFFALO,NY,,,42.91362495100073,-78.82829474723384,06/21/2018 10:31:45 PM,06/27/2018 05:39:21 PM,POINT (-78.82829474723385 42.91362495100073),12,Thursday,Other Sexual Offense,9.0,3.0,4.0,4.0,87.0,1575.0
138,923103786,19-1670544,06/16/2019 03:47:51 AM,ASSAULT,Buffalo Police are investigating this report of a crime.  It is important to note that this is very preliminary information and further investigation as to the facts and circumstances of this report may be necessary.,,1 Block FLOSS AV,,BUFFALO,NY,,,42.917294961874255,-78.80467788284052,06/16/2019 10:57:46 PM,06/24/2019 03:43:45 AM,POINT (-78.80467788284051 42.917294961874255),3,Sunday,Assault,2.0,2.0,4.0,15.0,173.0,821.0
139,901288554,19-0150610,01/15/2019 05:30:00 AM,LARCENY/THEFT,Buffalo Police are investigating this report of a crime.  It is important to note that this is very preliminary information and further investigation as to the facts and circumstances of this report may be necessary.,,100 Block URBAN ST,,BUFFALO,NY,,,42.90969092072986,-78.83305712566015,01/15/2019 11:56:37 PM,01/23/2019 04:41:18 AM,POINT (-78.83305712566016 42.90969092072986),5,Tuesday,Theft,9.0,3.0,4.0,4.0,230.0,379.0
140,901274677,19-0150196,01/15/2019 09:32:00 AM,BURGLARY,Buffalo Police are investigating this report of a crime.  It is important to note that this is very preliminary information and further investigation as to the facts and circumstances of this report may be necessary.,,200 Block LINWOOD AV,,BUFFALO,NY,,,42.90991129286162,-78.8679596235258,01/15/2019 09:38:43 PM,01/23/2019 04:41:15 AM,POINT (-78.8679596235258 42.90991129286162),9,Tuesday,Breaking & Entering,4.0,1.0,21.0,52.0,74.0,1970.0
141,922266902,19-1580246,05/31/2019 09:06:00 AM,LARCENY/THEFT,Buffalo Police are investigating this report of a crime.  It is important to note that this is very preliminary information and further investigation as to the facts and circumstances of this report may be necessary.,,1400 Block WILLIAM ST,,BUFFALO,NY,,,42.884590585254934,-78.81713529400555,06/07/2019 04:29:17 PM,06/15/2019 03:39:28 AM,POINT (-78.81713529400554 42.88459058525493),9,Friday,Theft,5.0,4.0,17.0,68.0,177.0,1528.0
142,922208973,19-1570584,06/04/2019 03:00:00 AM,LARCENY/THEFT,Buffalo Police are investigating this report of a crime.  It is important to note that this is very preliminary information and further investigation as to the facts and circumstances of this report may be necessary.,,100 Block N DIVISION ST,,BUFFALO,NY,,,42.882934874791005,-78.86958923185057,06/06/2019 10:29:35 PM,06/14/2019 03:32:10 AM,POINT (-78.86958923185057 42.88293487479101),3,Tuesday,Theft,4.0,1.0,14.0,77.0,31.0,1591.0
143,922199896,19-1570505,06/04/2019 12:00:00 PM,LARCENY/THEFT,Buffalo Police are investigating this report of a crime.  It is important to note that this is very preliminary information and further investigation as to the facts and circumstances of this report may be necessary.,,2600 Block MAIN ST,,BUFFALO,NY,,,42.93873311508501,-78.84000865132606,06/06/2019 08:25:44 PM,06/14/2019 03:32:09 AM,POINT (-78.84000865132606 42.938733115085014),12,Tuesday,Theft,9.0,5.0,18.0,19.0,15.0,1705.0
144,889592765,18-3180797,11/14/2018 12:00:00 PM,LARCENY/THEFT,Buffalo Police are investigating this report of a crime.  It is important to note that this is very preliminary information and further investigation as to the facts and circumstances of this report may be necessary.,,100 Block MILLICENT AV,,BUFFALO,NY,,,42.93484853412001,-78.80836300812294,11/15/2018 01:21:37 AM,11/15/2018 01:22:11 AM,POINT (-78.80836300812294 42.93484853412001),12,Wednesday,Theft,8.0,2.0,11.0,24.0,69.0,2073.0
145,889631875,18-3190069,11/15/2018 03:29:33 AM,ASSAULT,Buffalo Police are investigating this report of a crime.  It is important to note that this is very preliminary information and further investigation as to the facts and circumstances of this report may be necessary.,,1200 Block WILLIAM ST,,BUFFALO,NY,14206,,42.8841235,-78.8238856,11/15/2018 01:33:12 PM,11/15/2018 01:33:49 PM,POINT (-78.8238856 42.8841235),3,Thursday,Assault,5.0,4.0,17.0,68.0,177.0,1528.0
146,922167565,19-1570247,06/06/2019 10:05:00 AM,BURGLARY,Buffalo Police are investigating this report of a crime.  It is important to note that this is very preliminary information and further investigation as to the facts and circumstances of this report may be necessary.,,200 Block CARL ST,,BUFFALO,NY,,,42.920923828699095,-78.82821165636842,06/06/2019 03:10:56 PM,06/14/2019 03:32:07 AM,POINT (-78.82821165636842 42.92092382869909),10,Thursday,Breaking & Entering,9.0,2.0,11.0,47.0,67.0,1752.0
147,909190309,19-0660188,03/04/2019 08:00:00 AM,LARCENY/THEFT,Buffalo Police are investigating this report of a crime.  It is important to note that this is very preliminary information and further investigation as to the facts and circumstances of this report may be necessary.,,300 Block AMHERST ST,,BUFFALO,NY,,,42.939889186907024,-78.82574726941613,03/07/2019 03:04:07 PM,03/07/2019 03:05:11 PM,POINT (-78.82574726941613 42.939889186907024),8,Monday,Theft,8.0,2.0,11.0,39.0,48.0,532.0
148,881015508,18-2850260,10/12/2018 10:09:02 AM,BURGLARY,Buffalo Police are investigating this report of a crime.  It is important to note that this is very preliminary information and further investigation as to the facts and circumstances of this report may be necessary.,,400 Block WASHINGTON ST,,BUFFALO,NY,,,42.88630203124294,-78.87270183569498,10/12/2018 04:38:26 PM,10/12/2018 04:38:57 PM,POINT (-78.87270183569498 42.88630203124294),10,Friday,Breaking & Entering,4.0,1.0,14.0,77.0,31.0,1077.0
149,870082283,18-2490052,09/06/2018 12:00:00 PM,UUV,Buffalo Police are investigating this report of a crime.  It is important to note that this is very preliminary information and further investigation as to the facts and circumstances of this report may be necessary.,,BAILEY AV & LANG AV,,BUFFALO,NY,,,42.918621624962356,-78.81371726314886,09/06/2018 09:15:24 AM,09/14/2018 02:37:23 AM,POINT (-78.81371726314886 42.91862162496235),12,Thursday,Theft of Vehicle,2.0,2.0,11.0,18.0,157.0,772.0
150,940508600,19-2480954,03/17/2019 05:00:00 AM,LARCENY/THEFT,Buffalo Police are investigating this report of a crime.  It is important to note that this is very preliminary information and further investigation as to the facts and circumstances of this report may be necessary.,,300 Block OAKMONT AV,,BUFFALO,NY,,,42.93195093112233,-78.80275127279398,09/06/2019 03:02:28 AM,09/13/2019 03:48:50 AM,POINT (-78.80275127279398 42.93195093112233),5,Sunday,Theft,8.0,2.0,11.0,63.0,126.0,127.0
151,893710648,18-3460574,11/28/2018 12:00:00 PM,LARCENY/THEFT,Buffalo Police are investigating this report of a crime.  It is important to note that this is very preliminary information and further investigation as to the facts and circumstances of this report may be necessary.,,1 Block LANGMEYER AV,,BUFFALO,NY,,,42.92435355787328,-78.81508273995482,12/13/2018 12:49:28 AM,12/17/2018 03:28:12 AM,POINT (-78.81508273995483 42.92435355787328),12,Wednesday,Theft,2.0,2.0,11.0,75.0,145.0,1563.0
152,893135575,18-3420081,12/08/2018 01:55:18 AM,CRIM NEGLIGENT HOMICIDE,Buffalo Police are investigating this report of a crime.  It is important to note that this is very preliminary information and further investigation as to the facts and circumstances of this report may be necessary.,,100 Block BOX AV,,BUFFALO,NY,,,42.91155174969641,-78.8353417020657,12/08/2018 09:57:05 AM,12/15/2018 12:57:19 AM,POINT (-78.8353417020657 42.91155174969641),1,Saturday,Homicide,9.0,3.0,4.0,4.0,123.0,934.0
153,928479023,19-2070912,07/26/2019 05:00:00 AM,LARCENY/THEFT,Buffalo Police are investigating this report of a crime.  It is important to note that this is very preliminary information and further investigation as to the facts and circumstances of this report may be necessary.,,800 Block HUMBOLDT PW,,BUFFALO,NY,,,42.91252294207129,-78.84277422985295,07/27/2019 02:06:57 AM,08/03/2019 03:43:59 AM,POINT (-78.84277422985296 42.91252294207129),5,Friday,Theft,4.0,3.0,4.0,4.0,123.0,1806.0
154,868194935,18-2360002,08/24/2018 12:02:23 PM,BURGLARY,Buffalo Police are investigating this report of a crime.  It is important to note that this is very preliminary information and further investigation as to the facts and circumstances of this report may be necessary.,,1 Block FOUNTAIN PA,,BUFFALO,NY,,,42.97783974126463,-78.8242894263842,08/24/2018 06:27:35 AM,08/24/2018 06:28:39 AM,POINT (-78.82428942638418 42.97783974126463),12,Friday,Breaking & Entering,,,20.0,,,
155,893135576,18-3420095,12/08/2018 02:22:00 AM,BURGLARY,Buffalo Police are investigating this report of a crime.  It is important to note that this is very preliminary information and further investigation as to the facts and circumstances of this report may be necessary.,,200 Block RILEY ST,,BUFFALO,NY,,,42.90911409373986,-78.85731763526546,12/08/2018 09:57:05 AM,12/15/2018 12:57:19 AM,POINT (-78.85731763526546 42.90911409373986),2,Saturday,Breaking & Entering,4.0,1.0,22.0,25.0,160.0,518.0
156,893174664,18-3420655,12/08/2018 04:17:27 AM,ASSAULT,Buffalo Police are investigating this report of a crime.  It is important to note that this is very preliminary information and further investigation as to the facts and circumstances of this report may be necessary.,,400 Block AMHERST ST,,BUFFALO,NY,,,42.940282882034104,-78.8211925688175,12/09/2018 12:29:00 AM,12/15/2018 12:57:19 AM,POINT (-78.8211925688175 42.9402828820341),4,Saturday,Assault,8.0,2.0,11.0,56.0,272.0,3291.0
157,939472219,19-2390915,08/27/2019 08:15:00 AM,LARCENY/THEFT,Buffalo Police are investigating this report of a crime.  It is important to note that this is very preliminary information and further investigation as to the facts and circumstances of this report may be necessary.,,100 Block WALDEN AV,,BUFFALO,NY,,,42.903847896062494,-78.83239902848031,08/28/2019 03:06:26 AM,09/04/2019 03:44:02 AM,POINT (-78.83239902848031 42.903847896062494),8,Tuesday,Theft,5.0,3.0,4.0,4.0,72.0,1445.0
158,914967806,19-1150600,05/07/2018 12:00:00 PM,SEXUAL ABUSE,Buffalo Police are investigating this report of a crime.  It is important to note that this is very preliminary information and further investigation as to the facts and circumstances of this report may be necessary.,,100 Block TACOMA AV,,BUFFALO,NY,,,42.95128876912933,-78.86796344900709,04/25/2019 10:20:39 PM,05/03/2019 05:05:13 AM,POINT (-78.86796344900709 42.951288769129334),12,Monday,Other Sexual Offense,7.0,5.0,5.0,70.0,94.0,1601.0
159,868166462,18-2350611,07/09/2018 12:00:00 PM,LARCENY/THEFT,Buffalo Police are investigating this report of a crime.  It is important to note that this is very preliminary information and further investigation as to the facts and circumstances of this report may be necessary.,,800 Block MICHIGAN AV,,BUFFALO,NY,,,42.89617465809766,-78.8638286001444,08/23/2018 08:32:05 PM,08/31/2018 02:45:13 AM,POINT (-78.8638286001444 42.89617465809766),12,Monday,Theft,4.0,1.0,14.0,2.0,132.0,2304.0
160,839020443,18-0820350,03/22/2018 12:00:00 PM,LARCENY/THEFT,Buffalo Police are investigating this report of a crime.  It is important to note that this is very preliminary information and further investigation as to the facts and circumstances of this report may be necessary.,,100 Block MILITARY RD,,BUFFALO,NY,,,42.94184216190958,-78.89212091568695,03/23/2018 06:22:25 PM,03/31/2018 03:27:28 AM,POINT (-78.89212091568693 42.94184216190958),12,Thursday,Theft,1.0,5.0,10.0,78.0,220.0,3299.0
161,866695110,18-2230613,08/11/2018 03:20:00 AM,SEXUAL ABUSE,Buffalo Police are investigating this report of a crime.  It is important to note that this is very preliminary information and further investigation as to the facts and circumstances of this report may be necessary.,,1900 Block BROADWAY,,BUFFALO,NY,,,42.89814884843987,-78.80147443926211,08/11/2018 09:30:09 PM,08/18/2018 04:36:15 AM,POINT (-78.80147443926211 42.898148848439874),3,Saturday,Other Sexual Offense,2.0,3.0,8.0,28.0,221.0,3183.0
162,866917261,18-2250956,08/13/2018 08:38:00 AM,ASSAULT,Buffalo Police are investigating this report of a crime.  It is important to note that this is very preliminary information and further investigation as to the facts and circumstances of this report may be necessary.,,1 Block BUTLER AV,,BUFFALO,NY,,,42.91645526100012,-78.85096640588522,08/14/2018 09:18:38 AM,08/18/2018 04:36:17 AM,POINT (-78.85096640588522 42.91645526100012),8,Monday,Assault,9.0,2.0,22.0,59.0,128.0,1600.0
163,866891334,18-2250631,08/13/2018 12:00:00 PM,ASSAULT,Buffalo Police are investigating this report of a crime.  It is important to note that this is very preliminary information and further investigation as to the facts and circumstances of this report may be necessary.,,200 Block CARL ST,,BUFFALO,NY,,,42.92152747504232,-78.8282140469687,08/13/2018 11:52:54 PM,08/18/2018 04:36:17 AM,POINT (-78.82821404696871 42.92152747504231),12,Monday,Assault,9.0,2.0,11.0,47.0,67.0,1752.0
164,856435652,18-1550613,06/04/2018 04:35:48 AM,BURGLARY,Buffalo Police are investigating this report of a crime.  It is important to note that this is very preliminary information and further investigation as to the facts and circumstances of this report may be necessary.,,2100 Block ELMWOOD AV,,BUFFALO,NY,14216,,42.95511,-78.87594890000001,06/05/2018 01:23:36 AM,06/05/2018 01:24:40 AM,POINT (-78.8759489 42.95511),4,Monday,Breaking & Entering,1.0,5.0,5.0,70.0,164.0,2994.0
165,856419648,18-1550571,06/01/2018 12:00:00 PM,LARCENY/THEFT,Buffalo Police are investigating this report of a crime.  It is important to note that this is very preliminary information and further investigation as to the facts and circumstances of this report may be necessary.,,1 Block NORMA PL,,BUFFALO,NY,,,42.929854022641955,-78.83504290403566,06/04/2018 08:32:45 PM,06/06/2018 07:21:09 AM,POINT (-78.83504290403565 42.92985402264195),12,Friday,Theft,9.0,2.0,18.0,19.0,209.0,1261.0
166,913950133,19-1050296,04/15/2019 10:50:00 AM,UUV,Buffalo Police are investigating this report of a crime.  It is important to note that this is very preliminary information and further investigation as to the facts and circumstances of this report may be necessary.,,500 Block WALDEN AV,,BUFFALO,NY,,,42.90509344545711,-78.81415210676336,04/15/2019 03:40:42 PM,04/23/2019 03:49:44 AM,POINT (-78.81415210676336 42.90509344545712),10,Monday,Theft of Vehicle,2.0,3.0,4.0,23.0,1.0,2084.0
167,925874318,19-1980332,07/14/2019 01:00:00 AM,BURGLARY,Buffalo Police are investigating this report of a crime.  It is important to note that this is very preliminary information and further investigation as to the facts and circumstances of this report may be necessary.,,1 Block GROTE ST,,BUFFALO,NY,,,42.94209832262487,-78.88868623937196,07/17/2019 04:54:53 PM,07/25/2019 03:10:11 AM,POINT (-78.88868623937195 42.942098322624865),1,Sunday,Breaking & Entering,1.0,5.0,10.0,78.0,255.0,2682.0
168,903744641,19-0290895,01/29/2019 09:00:00 AM,ASSAULT,Buffalo Police are investigating this report of a crime.  It is important to note that this is very preliminary information and further investigation as to the facts and circumstances of this report may be necessary.,,200 Block EASTON ST,,BUFFALO,NY,,,42.8846282225463,-78.8616494616375,01/30/2019 03:38:26 AM,02/03/2019 01:41:34 AM,POINT (-78.8616494616375 42.8846282225463),9,Tuesday,Assault,4.0,1.0,16.0,20.0,70.0,150.0
169,925910774,19-1980461,07/16/2019 10:00:00 AM,LARCENY/THEFT,Buffalo Police are investigating this report of a crime.  It is important to note that this is very preliminary information and further investigation as to the facts and circumstances of this report may be necessary.,,100 Block HIGHGATE AV,,BUFFALO,NY,,,42.948346258485934,-78.82290441519744,07/18/2019 02:45:30 AM,07/25/2019 03:10:13 AM,POINT (-78.82290441519744 42.948346258485934),10,Tuesday,Theft,8.0,2.0,18.0,56.0,216.0,2728.0
170,903439696,19-0280236,01/04/2019 12:00:00 PM,LARCENY/THEFT,Buffalo Police are investigating this report of a crime.  It is important to note that this is very preliminary information and further investigation as to the facts and circumstances of this report may be necessary.,,1 Block LEXINGTON AV,,BUFFALO,NY,,,42.91292271225935,-78.87069855161805,01/28/2019 03:29:18 PM,02/05/2019 04:42:35 AM,POINT (-78.87069855161805 42.912922712259345),12,Friday,Theft,3.0,1.0,12.0,61.0,261.0,33.0
171,880187956,18-2790818,10/06/2018 07:54:00 AM,UUV,Buffalo Police are investigating this report of a crime.  It is important to note that this is very preliminary information and further investigation as to the facts and circumstances of this report may be necessary.,,KEHR ST & FRENCH ST,,BUFFALO,NY,,,42.91040570456293,-78.83242543144328,10/07/2018 04:53:04 AM,10/13/2018 07:25:27 PM,POINT (-78.83242543144328 42.910405704562926),7,Saturday,Theft of Vehicle,9.0,3.0,4.0,4.0,123.0,2154.0
172,901653249,19-0160467,01/16/2019 03:46:48 AM,BURGLARY,Buffalo Police are investigating this report of a crime.  It is important to note that this is very preliminary information and further investigation as to the facts and circumstances of this report may be necessary.,,600 Block E DELAVAN AV,,BUFFALO,NY,,,42.92157097041317,-78.83347844938659,01/16/2019 11:56:04 PM,01/24/2019 04:16:23 AM,POINT (-78.83347844938659 42.92157097041317),3,Wednesday,Breaking & Entering,9.0,2.0,4.0,47.0,39.0,1756.0
173,901653246,19-0160579,01/16/2019 12:00:00 PM,SEXUAL ABUSE,Buffalo Police are investigating this report of a crime.  It is important to note that this is very preliminary information and further investigation as to the facts and circumstances of this report may be necessary.,,1 Block FRANKLIN ST,,BUFFALO,NY,,,42.883160428014776,-78.8780227382626,01/16/2019 11:56:04 PM,01/24/2019 04:16:24 AM,POINT (-78.8780227382626 42.88316042801478),12,Wednesday,Other Sexual Offense,5.0,1.0,3.0,77.0,31.0,270.0
174,908550834,19-0590797,02/28/2019 02:00:00 AM,LARCENY/THEFT,Buffalo Police are investigating this report of a crime.  It is important to note that this is very preliminary information and further investigation as to the facts and circumstances of this report may be necessary.,,100 Block NORTH ST,,BUFFALO,NY,,,42.901822917271254,-78.8764320673624,03/01/2019 04:05:11 AM,03/08/2019 04:22:38 AM,POINT (-78.87643206736239 42.90182291727126),2,Thursday,Theft,5.0,1.0,15.0,13.0,141.0,1838.0
175,908358353,19-0590082,02/28/2019 04:08:09 AM,BURGLARY,Buffalo Police are investigating this report of a crime.  It is important to note that this is very preliminary information and further investigation as to the facts and circumstances of this report may be necessary.,,100 Block THOMPSON ST,,BUFFALO,NY,,,42.939706548320736,-78.90047572656586,02/28/2019 02:22:40 PM,03/08/2019 04:22:35 AM,POINT (-78.90047572656586 42.939706548320736),4,Thursday,Breaking & Entering,1.0,5.0,10.0,72.0,50.0,3049.0
176,914183386,19-1070884,04/17/2019 08:05:00 AM,ASSAULT,Buffalo Police are investigating this report of a crime.  It is important to note that this is very preliminary information and further investigation as to the facts and circumstances of this report may be necessary.,,100 Block BAITZ AV,,BUFFALO,NY,,,42.87675081856849,-78.82658191072143,04/18/2019 04:44:56 AM,04/23/2019 03:29:57 PM,POINT (-78.82658191072144 42.87675081856849),8,Wednesday,Assault,5.0,4.0,17.0,68.0,177.0,2218.0
177,908540074,19-0590643,02/28/2019 05:35:00 AM,LARCENY/THEFT,Buffalo Police are investigating this report of a crime.  It is important to note that this is very preliminary information and further investigation as to the facts and circumstances of this report may be necessary.,,LEROY AV & RICHLAWN AV,,BUFFALO,NY,,,42.93329423388179,-78.83027713177788,03/01/2019 12:43:13 AM,03/08/2019 04:22:37 AM,POINT (-78.83027713177788 42.93329423388179),5,Thursday,Theft,9.0,2.0,11.0,19.0,151.0,2556.0
178,864392860,18-2000251,07/13/2018 12:00:00 PM,LARCENY/THEFT,Buffalo Police are investigating this report of a crime.  It is important to note that this is very preliminary information and further investigation as to the facts and circumstances of this report may be necessary.,,1 Block HUMBER AV,,BUFFALO,NY,,,42.92367410453996,-78.825198313636,07/19/2018 02:48:54 PM,07/26/2018 06:56:57 PM,POINT (-78.825198313636 42.92367410453996),12,Friday,Theft,9.0,2.0,11.0,16.0,285.0,801.0
179,894308960,18-3490330,12/15/2018 01:00:00 AM,UUV,Buffalo Police are investigating this report of a crime.  It is important to note that this is very preliminary information and further investigation as to the facts and circumstances of this report may be necessary.,,300 Block FRENCH ST,,BUFFALO,NY,,,42.910142809106006,-78.82708645915095,12/15/2018 05:11:47 PM,12/15/2018 05:12:17 PM,POINT (-78.82708645915095 42.910142809106006),1,Saturday,Theft of Vehicle,5.0,3.0,4.0,4.0,87.0,977.0
180,842308430,18-1010498,03/30/2018 12:00:00 PM,LARCENY/THEFT,Buffalo Police are investigating this report of a crime.  It is important to note that this is very preliminary information and further investigation as to the facts and circumstances of this report may be necessary.,,3000 Block BAILEY AV,,BUFFALO,NY,,,42.937637307940136,-78.81337734914094,04/11/2018 08:36:28 PM,04/18/2018 05:13:39 PM,POINT (-78.81337734914094 42.93763730794013),12,Friday,Theft,8.0,2.0,11.0,7.0,78.0,212.0
181,914595212,19-1120360,04/22/2019 12:48:33 PM,LARCENY/THEFT,Buffalo Police are investigating this report of a crime.  It is important to note that this is very preliminary information and further investigation as to the facts and circumstances of this report may be necessary.,,DELAWARE AV & KENMORE AV,,BUFFALO,NY,,,42.95866555078662,-78.86964117219725,04/22/2019 07:52:25 PM,04/23/2019 11:42:27 PM,POINT (-78.86964117219725 42.95866555078662),12,Monday,Theft,1.0,5.0,5.0,70.0,164.0,1012.0
182,914663206,19-1130299,04/23/2019 11:15:00 AM,LARCENY/THEFT,Buffalo Police are investigating this report of a crime.  It is important to note that this is very preliminary information and further investigation as to the facts and circumstances of this report may be necessary.,,100 Block SKILLENL ST,,BUFFALO,NY,,,42.959369190673286,-78.89441265535741,04/23/2019 04:17:56 PM,04/23/2019 04:19:10 PM,POINT (-78.89441265535741 42.95936919067328),11,Tuesday,Theft,1.0,5.0,10.0,12.0,225.0,730.0
183,922941239,19-1650355,06/04/2019 03:00:00 AM,LARCENY/THEFT,Buffalo Police are investigating this report of a crime.  It is important to note that this is very preliminary information and further investigation as to the facts and circumstances of this report may be necessary.,,1 Block CROSSMAN AV,,BUFFALO,NY,,,42.914143837914345,-78.80242677615139,06/14/2019 05:55:48 PM,06/22/2019 03:59:15 AM,POINT (-78.80242677615139 42.91414383791434),3,Tuesday,Theft,2.0,3.0,4.0,14.0,35.0,3213.0
184,922268998,19-1580367,06/07/2019 12:00:00 PM,LARCENY/THEFT,Buffalo Police are investigating this report of a crime.  It is important to note that this is very preliminary information and further investigation as to the facts and circumstances of this report may be necessary.,,100 Block LASALLE AV,,BUFFALO,NY,,,42.94617273187149,-78.82569722383454,06/07/2019 05:09:32 PM,06/15/2019 03:39:29 AM,POINT (-78.82569722383455 42.94617273187149),12,Friday,Theft,8.0,2.0,18.0,56.0,244.0,2742.0
185,922316281,19-1580745,06/07/2019 12:30:00 PM,BURGLARY,Buffalo Police are investigating this report of a crime.  It is important to note that this is very preliminary information and further investigation as to the facts and circumstances of this report may be necessary.,,400 Block SWAN ST,,BUFFALO,NY,,,42.87941733541708,-78.86061868316844,06/08/2019 01:22:12 AM,06/15/2019 03:39:31 AM,POINT (-78.86061868316843 42.87941733541708),12,Friday,Breaking & Entering,4.0,4.0,16.0,31.0,252.0,635.0
186,940448541,19-2470976,09/04/2019 11:26:46 AM,ASSAULT,Buffalo Police are investigating this report of a crime.  It is important to note that this is very preliminary information and further investigation as to the facts and circumstances of this report may be necessary.,,1000 Block E FERRY ST,,BUFFALO,NY,,,42.914674753989146,-78.82493913282771,09/05/2019 08:49:45 AM,09/05/2019 12:16:56 PM,POINT (-78.8249391328277 42.914674753989146),11,Wednesday,Assault,9.0,2.0,11.0,47.0,26.0,79.0
187,902558120,19-0230278,01/14/2019 12:00:00 PM,SEXUAL ABUSE,Buffalo Police are investigating this report of a crime.  It is important to note that this is very preliminary information and further investigation as to the facts and circumstances of this report may be necessary.,,100 Block LOCUST ST,,BUFFALO,NY,,,42.89717017261355,-78.8606608922788,01/23/2019 04:30:43 PM,01/31/2019 04:52:02 AM,POINT (-78.86066089227879 42.89717017261355),12,Monday,Other Sexual Offense,4.0,1.0,16.0,35.0,281.0,2995.0
188,902605754,19-0230637,01/15/2019 02:00:00 AM,LARCENY/THEFT,Buffalo Police are investigating this report of a crime.  It is important to note that this is very preliminary information and further investigation as to the facts and circumstances of this report may be necessary.,,2100 Block DELAWARE AV,,BUFFALO,NY,,,42.94196115209754,-78.86736026852412,01/23/2019 11:17:38 PM,01/31/2019 04:52:04 AM,POINT (-78.86736026852412 42.94196115209754),2,Tuesday,Theft,7.0,5.0,5.0,36.0,37.0,3055.0
189,855491070,18-1440718,05/18/2018 08:00:00 AM,LARCENY/THEFT,Buffalo Police are investigating this report of a crime.  It is important to note that this is very preliminary information and further investigation as to the facts and circumstances of this report may be necessary.,,600 Block AUBURN AV,,BUFFALO,NY,,,42.918941325634734,-78.87774519169733,05/25/2018 12:37:37 AM,05/31/2018 07:12:58 PM,POINT (-78.87774519169733 42.918941325634734),8,Friday,Theft,7.0,5.0,12.0,49.0,191.0,272.0
190,855554319,18-1450481,05/18/2018 09:00:00 AM,SEXUAL ABUSE,Buffalo Police are investigating this report of a crime.  It is important to note that this is very preliminary information and further investigation as to the facts and circumstances of this report may be necessary.,,400 Block PLYMOUTH AV,,BUFFALO,NY,,,42.90896825370868,-78.8930019343106,05/25/2018 08:06:49 PM,05/31/2018 07:12:59 PM,POINT (-78.8930019343106 42.90896825370868),9,Friday,Other Sexual Offense,3.0,1.0,2.0,41.0,265.0,269.0
191,862029783,18-1860247,02/17/2017 09:00:00 AM,RAPE,Buffalo Police are investigating this report of a crime.  It is important to note that this is very preliminary information and further investigation as to the facts and circumstances of this report may be necessary.,,PERRY PROJECTS ST,,BUFFALO,NY,,,42.85196003715221,-78.80619720204267,07/05/2018 09:22:34 AM,07/13/2018 12:42:44 AM,POINT (-78.80619720204267 42.85196003715221),9,Friday,Sexual Assault,6.0,4.0,19.0,22.0,120.0,1097.0
192,855459855,18-1440286,05/22/2018 12:00:00 PM,LARCENY/THEFT,Buffalo Police are investigating this report of a crime.  It is important to note that this is very preliminary information and further investigation as to the facts and circumstances of this report may be necessary.,,1100 Block PARKSIDE AV,,BUFFALO,NY,,,42.952571091406725,-78.83599459597275,05/24/2018 02:53:19 PM,05/31/2018 07:12:57 PM,POINT (-78.83599459597275 42.95257109140673),12,Tuesday,Theft,8.0,5.0,18.0,64.0,240.0,1638.0
193,860979360,18-1740284,06/21/2018 08:00:00 AM,ASSAULT,Buffalo Police are investigating this report of a crime.  It is important to note that this is very preliminary information and further investigation as to the facts and circumstances of this report may be necessary.,,200 Block HERMAN ST,,BUFFALO,NY,,,42.951247821530266,-78.90419555947611,06/23/2018 03:53:18 PM,06/29/2018 09:22:38 PM,POINT (-78.90419555947611 42.951247821530266),8,Thursday,Assault,1.0,5.0,10.0,5.0,249.0,50.0
194,842363354,18-1010675,04/11/2018 01:00:00 AM,SEXUAL ABUSE,Buffalo Police are investigating this report of a crime.  It is important to note that this is very preliminary information and further investigation as to the facts and circumstances of this report may be necessary.,,1200 Block DELAWARE AV,,BUFFALO,NY,,,42.918389577723325,-78.86807330874363,04/12/2018 09:36:20 AM,04/18/2018 05:13:39 PM,POINT (-78.86807330874362 42.91838957772333),1,Wednesday,Other Sexual Offense,4.0,5.0,21.0,50.0,32.0,891.0
195,855507662,18-1450018,05/25/2018 12:10:00 PM,ASSAULT,Buffalo Police are investigating this report of a crime.  It is important to note that this is very preliminary information and further investigation as to the facts and circumstances of this report may be necessary.,,200 Block FRANKLIN ST,,BUFFALO,NY,,,42.88933955185617,-78.87592516813677,05/25/2018 06:30:56 AM,05/31/2018 07:12:58 PM,POINT (-78.87592516813677 42.88933955185617),12,Friday,Assault,4.0,1.0,3.0,77.0,31.0,2790.0
196,901679091,19-0170053,01/17/2019 02:19:40 AM,BURGLARY,Buffalo Police are investigating this report of a crime.  It is important to note that this is very preliminary information and further investigation as to the facts and circumstances of this report may be necessary.,,400 Block GRIDER ST,,BUFFALO,NY,,,42.91768408804688,-78.82913214288325,01/17/2019 08:46:03 AM,01/25/2019 04:50:52 AM,POINT (-78.82913214288325 42.91768408804688),2,Thursday,Breaking & Entering,9.0,2.0,4.0,47.0,39.0,2669.0
197,860959120,18-1731042,06/22/2018 11:00:00 AM,BURGLARY,Buffalo Police are investigating this report of a crime.  It is important to note that this is very preliminary information and further investigation as to the facts and circumstances of this report may be necessary.,,1 Block LONGVIEW AV,,BUFFALO,NY,,,42.91981007481764,-78.83567402625273,06/23/2018 09:05:01 AM,06/29/2018 09:22:37 PM,POINT (-78.83567402625273 42.91981007481764),11,Friday,Breaking & Entering,9.0,2.0,4.0,47.0,39.0,1110.0
198,901691087,19-0170051,01/17/2019 02:30:29 AM,ASSAULT,Buffalo Police are investigating this report of a crime.  It is important to note that this is very preliminary information and further investigation as to the facts and circumstances of this report may be necessary.,,300 Block BARNARD ST,,BUFFALO,NY,,,42.87330778276707,-78.80608746973664,01/17/2019 11:51:45 AM,01/25/2019 04:50:52 AM,POINT (-78.80608746973664 42.87330778276707),2,Thursday,Assault,2.0,4.0,17.0,53.0,5.0,2800.0
199,889221353,18-3140445,06/01/2018 12:00:00 PM,SEXUAL ABUSE,Buffalo Police are investigating this report of a crime.  It is important to note that this is very preliminary information and further investigation as to the facts and circumstances of this report may be necessary.,,100 Block E AMHERST ST,,BUFFALO,NY,,,42.93995820616724,-78.83194698841093,11/10/2018 09:15:38 PM,11/17/2018 11:42:32 AM,POINT (-78.83194698841093 42.93995820616724),12,Friday,Other Sexual Offense,9.0,2.0,18.0,19.0,84.0,2176.0
